
===== compressed HS 文件识别与接口切换 =====
默认入口：run_01_hs_dynamic_opt.m
新增/调用：packHSDecisionCompressed, unpackHSDecisionCompressed, computeHSMidpointStateCompressed,
          buildInitialGuessQuinticHSCompressed, evaluateCompressedTrajectory,
          costHSDynamicCompressed, nonlconHSDynamicCompressed。
停止主流程调用旧 Q/V/A/Ac 打包、中点状态变量和端点 ceq。

===== 预对准场景回归检查 =====
qPre = [-0.58131494 -0.29178045  1.56408730  0.08726646  0.26179939  0.17453293]^T
目标规模：numel(z)=474, numel(ceq)=240, numel(c)=2706。

===== 五次插值 compressed 初值诊断 =====
numel(z0)=474, numel(c0)=2706, numel(ceq0)=240
目标初值 J0=1.73408208e+00；目标单次评价 0.098 s；nonlcon 单次评价 0.052 s
qPre 自动计算值：[-0.58131494 -0.29178045  1.56408730  0.08726646  0.26179939  0.17453293]^T
腿长范围 [m]：1.078416 到 1.942263，约束 1.050 到 2.000
最大 |腿速| [m/s]：0.329105，限制 0.600000
最大 |腿加速度| [m/s^2]：0.208059，限制 1.200000
最小 sigmaMin：0.321335，阈值 0.100000；最大 condJ：7.426432，警戒 20.000000
最小碰撞间隙 [m]：-0.011646，安全距离 0.010000
驱动力范围 [N]：-563.371 到 1029.597，限制 -2000 到 2000
非线性约束数量：2706，最大正违反量：2.165e-02
compressed HS 等式数量：240，最大绝对残差：1.007e-05

===== 开始 fmincon-SQP compressed 完整硬约束 NLP 求解 =====
 Iter  Func-count            Fval   Feasibility   Step Length       Norm of   First-order  
                                                                       step    optimality
    0         475    1.734082e+00     2.165e-02     1.000e+00     0.000e+00     7.652e-02  
    1         950    1.737311e+00     1.016e-02     1.000e+00     4.220e+01     9.719e+03  
    2        1425    1.737408e+00     5.994e-05     1.000e+00     1.760e+00     1.653e+02  
    3        1900    1.737405e+00     2.512e-10     1.000e+00     4.993e-03     2.791e-01  
    4        2375    1.737403e+00     7.444e-11     1.000e+00     4.852e-03     2.791e-01  
    5        2850    1.737389e+00     1.882e-09     1.000e+00     2.425e-02     2.791e-01  
    6        3325    1.737322e+00     4.713e-08     1.000e+00     1.211e-01     2.790e-01  
    7        3800    1.736993e+00     1.164e-06     1.000e+00     6.022e-01     2.788e-01  
    8        4276    1.735713e+00     4.731e-07     1.000e+00     2.526e+00     2.557e-01  
    9        4751    1.735712e+00     9.273e-12     1.000e+00     1.686e-03     1.178e-01  
   10        5226    1.735706e+00     5.658e-11     1.000e+00     7.041e-03     1.178e-01  
   11        5701    1.735678e+00     1.413e-09     1.000e+00     3.519e-02     1.177e-01  
   12        6176    1.735536e+00     3.525e-08     1.000e+00     1.756e-01     1.174e-01  
   13        6651    1.734857e+00     8.662e-07     1.000e+00     8.688e-01     1.069e-01  
   14        7127    1.732157e+00     7.471e-07     1.000e+00     4.114e+00     3.168e-02  
   15        7603    1.729195e+00     3.490e-06     1.000e+00     1.058e+01     2.257e-01  
   16        8078    1.729190e+00     4.248e-08     1.000e+00     1.139e-01     8.936e-02  
   17        8553    1.729186e+00     3.723e-08     1.000e+00     1.605e-01     5.825e-02  
   18        9029    1.729173e+00     5.214e-10     1.000e+00     4.129e-01     8.357e-02  
   19        9505    1.729151e+00     7.310e-10     1.000e+00     4.603e-01     8.381e-02  
   20        9981    1.729083e+00     6.497e-09     1.000e+00     9.475e-01     8.480e-02  
   21       10457    1.728917e+00     3.339e-08     1.000e+00     1.567e+00     8.679e-02  
   22       10933    1.728483e+00     2.619e-07     1.000e+00     2.900e+00     9.296e-02  
   23       11409    1.727434e+00     2.087e-06     1.000e+00     5.141e+00     1.136e-01  
   24       11885    1.725168e+00     8.601e-06     1.000e+00     8.103e+00     1.170e-01  
   25       12362    1.721958e+00     1.607e-05     7.000e-01     8.694e+00     1.468e-01  
   26       12838    1.718133e+00     9.725e-06     1.000e+00     1.090e+01     1.010e-01  
   27       13313    1.717494e+00     1.264e-05     1.000e+00     3.258e+00     2.665e-02  
   28       13788    1.717276e+00     1.397e-06     1.000e+00     1.204e+00     1.919e-02  
   29       14264    1.717012e+00     1.682e-06     1.000e+00     3.971e+00     9.626e-03  
 Iter  Func-count            Fval   Feasibility   Step Length       Norm of   First-order  
                                                                       step    optimality
   30       14740    1.716967e+00     1.318e-07     1.000e+00     1.649e+00     1.242e-02  
   31       15216    1.716944e+00     3.725e-08     1.000e+00     8.328e-01     1.703e-02  
   32       15692    1.716921e+00     5.488e-08     1.000e+00     1.331e+00     5.213e-03  
   33       16168    1.716911e+00     3.581e-09     1.000e+00     1.062e+00     6.404e-03  
   34       16644    1.716908e+00     1.474e-10     1.000e+00     4.682e-01     7.981e-03  
   35       17120    1.716907e+00     2.788e-11     1.000e+00     1.606e-01     8.183e-03  
   36       17596    1.716904e+00     1.394e-10     1.000e+00     2.321e-01     8.267e-03  
   37       18072    1.716896e+00     5.574e-10     1.000e+00     3.591e-01     8.252e-03  
   38       18548    1.716875e+00     2.721e-09     1.000e+00     6.083e-01     8.093e-03  
   39       19024    1.716821e+00     1.261e-08     1.000e+00     1.025e+00     1.010e-02  
   40       19500    1.716681e+00     5.857e-08     1.000e+00     1.771e+00     1.291e-02  
   41       19976    1.716335e+00     2.157e-07     1.000e+00     3.059e+00     1.891e-02  
   42       20452    1.715538e+00     7.199e-07     1.000e+00     5.070e+00     2.888e-02  
   43       20928    1.714024e+00     6.392e-06     1.000e+00     7.195e+00     4.282e-02  
   44       21404    1.712162e+00     1.220e-05     1.000e+00     7.100e+00     6.168e-02  
   45       21879    1.711052e+00     2.448e-05     1.000e+00     3.490e+00     5.061e-02  
   46       22355    1.710694e+00     2.550e-07     1.000e+00     3.425e+00     3.373e-02  
   47       22831    1.710631e+00     3.319e-07     1.000e+00     3.025e+00     8.876e-03  
   48       23306    1.710628e+00     1.895e-07     1.000e+00     3.944e-01     9.054e-03  
   49       23781    1.710627e+00     5.146e-08     1.000e+00     1.283e-01     9.041e-03  
   50       24257    1.710623e+00     1.078e-09     1.000e+00     2.464e-01     9.004e-03  
   51       24733    1.710615e+00     3.394e-09     1.000e+00     3.562e-01     9.135e-03  
   52       25209    1.710592e+00     1.440e-08     1.000e+00     5.897e-01     1.064e-02  
   53       25685    1.710535e+00     4.503e-08     1.000e+00     9.082e-01     1.805e-02  
   54       26161    1.710386e+00     1.135e-07     1.000e+00     1.378e+00     2.764e-02  
   55       26637    1.710015e+00     1.249e-07     1.000e+00     1.991e+00     3.615e-02  
   56       27113    1.709168e+00     1.275e-07     1.000e+00     3.032e+00     3.191e-02  
   57       27589    1.707591e+00     1.718e-06     1.000e+00     5.898e+00     4.622e-02  
   58       28067    1.706424e+00     6.068e-06     4.900e-01     5.092e+00     2.962e-02  
   59       28546    1.705474e+00     8.415e-06     3.430e-01     4.620e+00     2.636e-02  
 Iter  Func-count            Fval   Feasibility   Step Length       Norm of   First-order  
                                                                       step    optimality
   60       29023    1.704445e+00     9.482e-06     7.000e-01     6.828e+00     3.767e-02  
   61       29499    1.704202e+00     1.060e-06     1.000e+00     2.765e+00     1.805e-02  
   62       29974    1.704200e+00     4.090e-08     1.000e+00     2.612e-01     3.139e-03  
   63       30450    1.704199e+00     8.374e-10     1.000e+00     4.034e-01     3.091e-03  
   64       30926    1.704197e+00     3.273e-10     1.000e+00     3.019e-01     3.242e-03  
   65       31402    1.704191e+00     3.176e-09     1.000e+00     6.603e-01     5.381e-03  
   66       31877    1.704179e+00     2.075e-08     1.000e+00     2.024e-01     9.001e-03  
   67       32352    1.704115e+00     2.189e-08     1.000e+00     1.728e-01     1.205e-02  
   68       32827    1.703784e+00     1.511e-07     1.000e+00     6.094e-01     1.659e-02  
   69       33302    1.702286e+00     5.637e-06     1.000e+00     3.436e+00     2.481e-02  
   70       33779    1.699234e+00     7.000e-06     7.000e-01     1.219e+01     1.814e-02  
   71       34255    1.698487e+00     1.239e-06     1.000e+00     9.423e+00     3.314e-02  
   72       34730    1.698476e+00     4.755e-07     1.000e+00     6.700e-01     3.071e-02  
   73       35205    1.698473e+00     1.376e-07     1.000e+00     3.091e-01     3.113e-02  
   74       35680    1.698472e+00     6.423e-09     1.000e+00     6.476e-02     3.122e-02  
   75       36156    1.698465e+00     7.418e-11     1.000e+00     2.321e-01     3.155e-02  
   76       36632    1.698444e+00     7.218e-10     1.000e+00     5.036e-01     3.228e-02  
   77       37108    1.698403e+00     1.197e-09     1.000e+00     6.441e-01     3.319e-02  
   78       37584    1.698286e+00     6.830e-09     1.000e+00     1.295e+00     3.710e-02  
   79       38060    1.698004e+00     1.518e-08     1.000e+00     2.558e+00     5.616e-02  
   80       38536    1.697303e+00     2.526e-07     1.000e+00     5.785e+00     8.222e-02  
   81       39012    1.695841e+00     1.626e-06     1.000e+00     1.096e+01     1.058e-01  
   82       39488    1.693510e+00     6.343e-06     1.000e+00     1.677e+01     1.049e-01  
   83       39964    1.691315e+00     7.126e-06     1.000e+00     1.491e+01     7.623e-02  
   84       40440    1.690334e+00     8.783e-07     1.000e+00     5.853e+00     4.560e-02  
   85       40916    1.690178e+00     5.575e-08     1.000e+00     2.575e+00     4.272e-02  
   86       41392    1.690159e+00     5.701e-09     1.000e+00     1.700e+00     3.454e-02  
   87       41868    1.690155e+00     3.440e-10     1.000e+00     7.064e-01     2.458e-02  
   88       42344    1.690152e+00     2.470e-11     1.000e+00     3.212e-01     2.176e-02  
   89       42820    1.690142e+00     1.438e-10     1.000e+00     5.724e-01     2.032e-02  
 Iter  Func-count            Fval   Feasibility   Step Length       Norm of   First-order  
                                                                       step    optimality
   90       43296    1.690120e+00     2.663e-10     1.000e+00     6.990e-01     1.991e-02  
   91       43772    1.690059e+00     6.757e-10     1.000e+00     9.673e-01     1.985e-02  
   92       44247    1.689904e+00     6.383e-07     1.000e+00     1.121e+00     3.189e-02  
   93       44722    1.689512e+00     5.509e-07     1.000e+00     1.311e+00     5.148e-02  
   94       45197    1.688578e+00     4.124e-06     1.000e+00     3.701e+00     7.715e-02  
   95       45673    1.686610e+00     1.251e-06     1.000e+00     1.058e+01     9.941e-02  
   96       46150    1.684147e+00     6.287e-06     7.000e-01     1.465e+01     8.192e-02  
   97       46628    1.681777e+00     1.118e-05     4.900e-01     1.384e+01     7.236e-02  
   98       47104    1.678747e+00     1.669e-05     1.000e+00     2.323e+01     5.406e-02  
   99       47579    1.678025e+00     2.037e-05     1.000e+00     4.875e+00     2.981e-02  
  100       48055    1.677393e+00     4.462e-06     1.000e+00     6.189e+00     5.840e-02  
  101       48531    1.677208e+00     1.001e-06     1.000e+00     3.028e+00     4.348e-02  
  102       49007    1.677135e+00     1.955e-07     1.000e+00     1.964e+00     1.591e-02  
  103       49482    1.677128e+00     5.786e-08     1.000e+00     3.517e-01     9.276e-03  
  104       49957    1.677126e+00     2.201e-08     1.000e+00     1.613e-01     8.450e-03  
  105       50433    1.677122e+00     2.712e-10     1.000e+00     2.594e-01     7.808e-03  
  106       50909    1.677116e+00     3.427e-09     1.000e+00     5.106e-01     6.611e-03  
  107       51385    1.677106e+00     9.951e-09     1.000e+00     7.431e-01     5.210e-03  
  108       51861    1.677093e+00     8.049e-09     1.000e+00     8.329e-01     3.904e-03  
  109       52337    1.677077e+00     3.819e-09     1.000e+00     7.923e-01     6.627e-03  
  110       52813    1.677046e+00     4.065e-09     1.000e+00     8.969e-01     1.176e-02  
  111       53289    1.676978e+00     7.433e-09     1.000e+00     1.288e+00     1.999e-02  
  112       53765    1.676808e+00     2.387e-08     1.000e+00     2.164e+00     3.302e-02  
  113       54241    1.676386e+00     1.048e-07     1.000e+00     3.947e+00     5.195e-02  
  114       54717    1.675396e+00     4.970e-07     1.000e+00     7.362e+00     7.481e-02  
  115       55193    1.673407e+00     2.777e-06     1.000e+00     1.259e+01     8.906e-02  
  116       55669    1.670603e+00     5.975e-06     1.000e+00     1.608e+01     5.692e-02  
  117       56145    1.668538e+00     3.426e-06     1.000e+00     1.106e+01     2.036e-02  
  118       56621    1.667892e+00     4.228e-06     1.000e+00     3.597e+00     3.436e-02  
  119       57097    1.667771e+00     4.267e-07     1.000e+00     3.952e+00     1.945e-02  
 Iter  Func-count            Fval   Feasibility   Step Length       Norm of   First-order  
                                                                       step    optimality
  120       57573    1.667756e+00     1.997e-08     1.000e+00     1.797e+00     4.451e-03  
  121       58049    1.667752e+00     1.182e-10     1.000e+00     4.420e-01     5.723e-04  
  122       58525    1.667746e+00     1.913e-10     1.000e+00     4.128e-01     3.604e-03  
  123       59001    1.667733e+00     2.650e-10     1.000e+00     4.614e-01     7.974e-03  
  124       59477    1.667696e+00     8.300e-10     1.000e+00     6.985e-01     1.502e-02  
  125       59953    1.667604e+00     2.271e-09     1.000e+00     1.019e+00     2.585e-02  
  126       60429    1.667362e+00     6.901e-09     1.000e+00     1.684e+00     4.259e-02  
  127       60905    1.666751e+00     9.970e-08     1.000e+00     3.443e+00     6.481e-02  
  128       61381    1.664964e+00     2.700e-06     1.000e+00     1.099e+01     9.015e-02  
  129       61858    1.662175e+00     8.970e-06     7.000e-01     1.687e+01     1.383e-01  
  130       62336    1.657685e+00     3.470e-05     4.900e-01     2.554e+01     1.361e-01  
  131       62815    1.653171e+00     4.476e-05     3.430e-01     2.408e+01     1.409e-01  
  132       63293    1.647136e+00     5.363e-05     4.900e-01     3.370e+01     1.289e-01  
  133       63770    1.642948e+00     4.920e-05     7.000e-01     3.000e+01     9.240e-02  
  134       64246    1.641360e+00     2.301e-05     1.000e+00     2.061e+01     6.121e-02  
  135       64721    1.641201e+00     1.567e-05     1.000e+00     4.872e+00     1.953e-02  
  136       65196    1.641185e+00     5.095e-07     1.000e+00     9.396e-01     3.741e-03  
  137       65671    1.641174e+00     2.509e-07     1.000e+00     6.535e-01     5.313e-03  
  138       66147    1.641146e+00     8.138e-09     1.000e+00     2.067e+00     9.516e-03  
  139       66623    1.641102e+00     5.327e-08     1.000e+00     3.921e+00     1.277e-02  
  140       67099    1.641050e+00     1.090e-07     1.000e+00     5.617e+00     1.378e-02  
  141       67575    1.641018e+00     4.329e-08     1.000e+00     4.043e+00     8.783e-03  
  142       68051    1.641007e+00     4.183e-09     1.000e+00     1.173e+00     9.219e-03  
  143       68527    1.640998e+00     5.310e-10     1.000e+00     3.800e-01     9.282e-03  
  144       69003    1.640979e+00     2.884e-09     1.000e+00     6.977e-01     9.406e-03  
  145       69479    1.640933e+00     1.355e-08     1.000e+00     1.132e+00     1.415e-02  
  146       69955    1.640816e+00     6.403e-08     1.000e+00     1.838e+00     2.306e-02  
  147       70431    1.640521e+00     3.478e-07     1.000e+00     2.779e+00     3.607e-02  
  148       70907    1.639779e+00     1.982e-06     1.000e+00     4.409e+00     5.506e-02  
  149       71383    1.637972e+00     7.833e-06     1.000e+00     8.719e+00     8.152e-02  
 Iter  Func-count            Fval   Feasibility   Step Length       Norm of   First-order  
                                                                       step    optimality
  150       71859    1.634007e+00     2.029e-05     1.000e+00     2.069e+01     1.130e-01  
  151       72335    1.627771e+00     2.499e-05     1.000e+00     3.836e+01     1.339e-01  
  152       72812    1.623653e+00     3.353e-05     7.000e-01     2.409e+01     9.984e-02  
  153       73289    1.620620e+00     4.445e-05     7.000e-01     1.988e+01     8.137e-02  
  154       73765    1.619292e+00     1.900e-05     1.000e+00     1.620e+01     5.447e-02  
  155       74241    1.618906e+00     4.014e-06     1.000e+00     7.431e+00     3.398e-02  
  156       74717    1.618632e+00     4.930e-06     1.000e+00     5.481e+00     2.660e-02  
  157       75192    1.618576e+00     5.303e-06     1.000e+00     2.038e+00     2.381e-02  
  158       75667    1.618562e+00     6.103e-07     1.000e+00     9.384e-01     2.257e-02  
  159       76142    1.618554e+00     1.408e-07     1.000e+00     5.654e-01     2.260e-02  
  160       76618    1.618528e+00     2.024e-09     1.000e+00     1.412e+00     2.269e-02  
  161       77094    1.618476e+00     5.867e-09     1.000e+00     2.058e+00     2.281e-02  
  162       77570    1.618332e+00     4.201e-08     1.000e+00     3.994e+00     2.305e-02  
  163       78046    1.617970e+00     1.390e-07     1.000e+00     7.069e+00     2.588e-02  
  164       78522    1.617072e+00     4.981e-07     1.000e+00     8.380e+00     4.892e-02  
  165       78998    1.614491e+00     6.380e-06     1.000e+00     1.914e+01     1.054e-01  
  166       79474    1.609642e+00     2.168e-05     1.000e+00     2.689e+01     1.785e-01  
  167       79950    1.601310e+00     4.876e-05     1.000e+00     2.912e+01     2.480e-01  
  168       80426    1.593030e+00     2.171e-05     1.000e+00     2.237e+01     2.538e-01  
  169       80901    1.589187e+00     5.469e-05     1.000e+00     9.179e+00     1.506e-01  
  170       81376    1.588352e+00     3.356e-05     1.000e+00     6.400e+00     6.827e-02  
  171       81851    1.588177e+00     5.102e-06     1.000e+00     2.884e+00     6.319e-02  
  172       82326    1.588050e+00     5.709e-06     1.000e+00     3.476e+00     5.898e-02  
  173       82802    1.587944e+00     2.344e-07     1.000e+00     6.080e+00     5.324e-02  
  174       83278    1.587896e+00     1.067e-07     1.000e+00     5.112e+00     4.992e-02  
  175       83754    1.587885e+00     1.041e-09     1.000e+00     1.952e+00     4.650e-02  
  176       84230    1.587883e+00     2.795e-11     1.000e+00     3.458e-01     4.525e-02  
  177       84706    1.587876e+00     4.376e-11     1.000e+00     4.352e-01     4.506e-02  
  178       85182    1.587860e+00     1.357e-10     1.000e+00     6.535e-01     4.513e-02  
  179       85658    1.587818e+00     8.161e-10     1.000e+00     1.129e+00     4.541e-02  
 Iter  Func-count            Fval   Feasibility   Step Length       Norm of   First-order  
                                                                       step    optimality
  180       86134    1.587709e+00     4.678e-09     1.000e+00     1.974e+00     4.597e-02  
  181       86610    1.587426e+00     3.282e-08     1.000e+00     3.653e+00     6.781e-02  
  182       87086    1.586715e+00     2.244e-07     1.000e+00     7.056e+00     1.076e-01  
  183       87562    1.585032e+00     1.422e-06     1.000e+00     1.384e+01     1.612e-01  
  184       88038    1.581613e+00     5.903e-06     1.000e+00     2.505e+01     2.117e-01  
  185       88514    1.576643e+00     7.458e-06     1.000e+00     3.416e+01     2.081e-01  
  186       88990    1.572779e+00     1.537e-06     1.000e+00     2.529e+01     1.822e-01  
  187       89466    1.571603e+00     4.486e-07     1.000e+00     7.723e+00     8.104e-02  
  188       89942    1.571481e+00     7.864e-08     1.000e+00     5.911e+00     4.689e-02  
  189       90418    1.571473e+00     1.321e-09     1.000e+00     1.859e+00     4.314e-02  
  190       90894    1.571469e+00     1.188e-10     1.000e+00     8.603e-01     4.226e-02  
  191       91370    1.571451e+00     1.806e-09     1.000e+00     2.076e+00     4.198e-02  
  192       91846    1.571411e+00     4.646e-09     1.000e+00     2.769e+00     4.189e-02  
  193       92322    1.571300e+00     2.063e-08     1.000e+00     4.441e+00     4.190e-02  
  194       92798    1.571018e+00     5.564e-08     1.000e+00     6.159e+00     4.219e-02  
  195       93274    1.570297e+00     1.216e-07     1.000e+00     7.663e+00     5.900e-02  
  196       93750    1.568555e+00     7.814e-08     1.000e+00     6.163e+00     6.678e-02  
  197       94226    1.564797e+00     4.566e-07     1.000e+00     8.619e+00     6.644e-02  
  198       94702    1.558581e+00     1.778e-05     1.000e+00     3.983e+01     8.381e-02  
  199       95179    1.553712e+00     3.956e-05     7.000e-01     4.984e+01     5.845e-02  
  200       95657    1.551119e+00     3.423e-05     4.900e-01     3.508e+01     7.408e-02  
  201       96134    1.549588e+00     1.870e-05     7.000e-01     3.393e+01     5.699e-02  
  202       96610    1.549309e+00     2.909e-06     1.000e+00     1.882e+01     2.335e-02  
  203       97085    1.549300e+00     1.474e-06     1.000e+00     2.235e+00     2.310e-02  
  204       97560    1.549296e+00     4.673e-07     1.000e+00     1.113e+00     2.407e-02  
  205       98035    1.549291e+00     3.069e-07     1.000e+00     9.505e-01     2.646e-02  
  206       98511    1.549278e+00     8.443e-10     1.000e+00     1.945e+00     2.832e-02  
  207       98987    1.549245e+00     1.621e-09     1.000e+00     2.922e+00     2.926e-02  
  208       99463    1.549158e+00     6.576e-09     1.000e+00     4.799e+00     3.241e-02  
  209       99939    1.548936e+00     2.811e-08     1.000e+00     7.971e+00     5.830e-02  
 Iter  Func-count            Fval   Feasibility   Step Length       Norm of   First-order  
                                                                       step    optimality
  210      100415    1.548377e+00     2.292e-07     1.000e+00     1.316e+01     1.017e-01  
  211      100891    1.547048e+00     1.558e-06     1.000e+00     2.055e+01     1.661e-01  
  212      101367    1.544316e+00     6.214e-06     1.000e+00     2.755e+01     2.374e-01  
  213      101843    1.540766e+00     3.749e-07     1.000e+00     9.543e+00     1.809e-01  
  214      102319    1.536195e+00     2.777e-06     1.000e+00     2.715e+01     2.331e-01  
  215      102795    1.534382e+00     1.863e-06     1.000e+00     1.725e+01     1.627e-01  
  216      103271    1.533911e+00     1.296e-07     1.000e+00     7.294e+00     4.752e-02  
  217      103747    1.533885e+00     8.760e-10     1.000e+00     1.386e+00     9.641e-03  
  218      104223    1.533881e+00     4.314e-10     1.000e+00     1.044e+00     3.774e-03  
  219      104699    1.533876e+00     4.922e-10     1.000e+00     1.198e+00     4.037e-03  
  220      105175    1.533865e+00     2.540e-09     1.000e+00     1.893e+00     9.293e-03  
  221      105651    1.533835e+00     1.050e-08     1.000e+00     3.072e+00     1.751e-02  
  222      106127    1.533759e+00     5.654e-08     1.000e+00     5.075e+00     3.023e-02  
  223      106603    1.533565e+00     7.617e-08     1.000e+00     6.252e+00     4.525e-02  
  224      107078    1.533019e+00     2.986e-06     1.000e+00     1.579e+00     8.403e-02  
  225      107553    1.530842e+00     1.295e-05     1.000e+00     3.440e+00     8.514e-02  
  226      108028    1.528098e+00     1.648e-05     1.000e+00     5.003e+00     7.877e-02  
  227      108504    1.524287e+00     1.542e-06     1.000e+00     1.031e+01     7.625e-02  
  228      108980    1.522154e+00     9.688e-07     1.000e+00     9.439e+00     5.169e-02  
  229      109456    1.521708e+00     4.122e-08     1.000e+00     3.213e+00     2.265e-02  
  230      109931    1.521676e+00     1.173e-07     1.000e+00     6.373e-01     5.854e-03  
  231      110406    1.521674e+00     4.974e-08     1.000e+00     1.664e-01     5.756e-03  
  232      110881    1.521669e+00     8.216e-08     1.000e+00     2.177e-01     5.730e-03  
  233      111357    1.521658e+00     5.681e-11     1.000e+00     3.521e-01     6.056e-03  
  234      111833    1.521627e+00     1.650e-10     1.000e+00     5.405e-01     7.815e-03  
  235      112309    1.521548e+00     4.579e-10     1.000e+00     8.457e-01     1.708e-02  
  236      112785    1.521343e+00     1.284e-09     1.000e+00     1.417e+00     3.305e-02  
  237      113261    1.520819e+00     1.082e-08     1.000e+00     2.881e+00     5.879e-02  
  238      113737    1.519537e+00     7.094e-08     1.000e+00     6.924e+00     9.991e-02  
  239      114213    1.516698e+00     6.602e-07     1.000e+00     1.648e+01     1.616e-01  
 Iter  Func-count            Fval   Feasibility   Step Length       Norm of   First-order  
                                                                       step    optimality
  240      114689    1.511742e+00     9.346e-06     1.000e+00     3.210e+01     2.269e-01  
  241      115165    1.506407e+00     2.255e-05     1.000e+00     3.944e+01     2.252e-01  
  242      115641    1.503792e+00     3.167e-06     1.000e+00     2.123e+01     1.178e-01  
  243      116117    1.503357e+00     1.499e-08     1.000e+00     3.404e+00     5.702e-02  
  244      116593    1.503334e+00     1.867e-09     1.000e+00     2.472e+00     5.588e-02  
  245      117069    1.503331e+00     9.727e-11     1.000e+00     7.049e-01     5.584e-02  
  246      117545    1.503324e+00     7.299e-10     1.000e+00     1.133e+00     5.584e-02  
  247      118021    1.503308e+00     2.735e-09     1.000e+00     1.645e+00     5.586e-02  
  248      118497    1.503264e+00     1.090e-08     1.000e+00     2.599e+00     5.593e-02  
  249      118973    1.503152e+00     3.926e-08     1.000e+00     3.765e+00     5.607e-02  
  250      119449    1.502863e+00     1.100e-07     1.000e+00     4.968e+00     5.635e-02  
  251      119925    1.502141e+00     1.645e-07     1.000e+00     4.950e+00     5.689e-02  
  252      120401    1.500468e+00     7.818e-08     1.000e+00     3.738e+00     6.656e-02  
  253      120877    1.497225e+00     3.532e-06     1.000e+00     2.093e+01     8.318e-02  
  254      121353    1.492972e+00     1.318e-05     1.000e+00     5.098e+01     7.082e-02  
  255      121829    1.490484e+00     1.267e-05     1.000e+00     4.083e+01     3.716e-02  
  256      122304    1.490149e+00     6.244e-06     1.000e+00     3.556e+00     7.389e-02  
  257      122779    1.490097e+00     1.785e-06     1.000e+00     2.222e+00     7.379e-02  
  258      123254    1.490089e+00     2.723e-07     1.000e+00     5.632e-01     7.402e-02  
  259      123730    1.490081e+00     1.705e-09     1.000e+00     6.170e-01     7.443e-02  
  260      124206    1.490076e+00     2.875e-10     1.000e+00     3.928e-01     7.470e-02  
  261      124682    1.490062e+00     1.169e-09     1.000e+00     7.279e-01     7.397e-02  
  262      125158    1.490032e+00     3.095e-09     1.000e+00     1.079e+00     7.207e-02  
  263      125634    1.489950e+00     1.542e-08     1.000e+00     2.064e+00     7.113e-02  
  264      126110    1.489742e+00     6.115e-08     1.000e+00     4.041e+00     7.115e-02  
  265      126586    1.489209e+00     2.690e-07     1.000e+00     8.790e+00     7.189e-02  
  266      127062    1.487907e+00     1.329e-06     1.000e+00     1.960e+01     1.158e-01  
  267      127538    1.485059e+00     9.387e-06     1.000e+00     3.883e+01     1.714e-01  
  268      128015    1.480979e+00     2.365e-05     7.000e-01     4.866e+01     1.863e-01  
  269      128492    1.476954e+00     2.863e-05     7.000e-01     3.755e+01     1.297e-01  
 Iter  Func-count            Fval   Feasibility   Step Length       Norm of   First-order  
                                                                       step    optimality
  270      128968    1.474395e+00     7.164e-06     1.000e+00     1.551e+01     8.275e-02  
  271      129444    1.473644e+00     1.375e-06     1.000e+00     1.096e+01     7.155e-02  
  272      129920    1.473101e+00     3.568e-06     1.000e+00     1.754e+01     4.405e-02  
  273      130396    1.473069e+00     1.209e-08     1.000e+00     3.001e+00     1.851e-02  
  274      130872    1.473063e+00     1.538e-09     1.000e+00     1.004e+00     8.066e-03  
  275      131348    1.473061e+00     1.099e-11     1.000e+00     2.100e-01     7.902e-03  
  276      131824    1.473055e+00     1.340e-10     1.000e+00     4.595e-01     7.754e-03  
  277      132300    1.473042e+00     2.438e-10     1.000e+00     5.714e-01     1.212e-02  
  278      132776    1.473006e+00     1.174e-09     1.000e+00     1.050e+00     2.459e-02  
  279      133252    1.472916e+00     2.593e-09     1.000e+00     1.834e+00     4.372e-02  
  280      133728    1.472679e+00     1.146e-08     1.000e+00     3.768e+00     7.410e-02  
  281      134204    1.472087e+00     1.236e-07     1.000e+00     8.353e+00     1.192e-01  
  282      134680    1.470689e+00     1.755e-06     1.000e+00     1.908e+01     1.786e-01  
  283      135156    1.468158e+00     1.641e-05     1.000e+00     3.976e+01     2.384e-01  
  284      135633    1.465235e+00     1.566e-05     7.000e-01     3.853e+01     1.995e-01  
  285      136111    1.462746e+00     2.221e-05     4.900e-01     2.794e+01     1.253e-01  
  286      136588    1.460600e+00     2.291e-05     7.000e-01     2.667e+01     9.629e-02  
  287      137064    1.459958e+00     3.469e-06     1.000e+00     1.064e+01     4.349e-02  
  288      137540    1.459831e+00     1.759e-07     1.000e+00     8.052e+00     2.477e-02  
  289      138017    1.459744e+00     4.510e-07     7.000e-01     1.177e+01     2.161e-02  
  290      138493    1.459719e+00     1.569e-07     1.000e+00     8.961e+00     3.124e-02  
  291      138969    1.459716e+00     1.879e-10     1.000e+00     8.121e-01     3.371e-02  
  292      139445    1.459708e+00     5.799e-10     1.000e+00     9.646e-01     3.737e-02  
  293      139921    1.459696e+00     6.796e-10     1.000e+00     7.565e-01     3.889e-02  
  294      140397    1.459658e+00     5.843e-09     1.000e+00     1.418e+00     3.894e-02  
  295      140873    1.459565e+00     1.810e-08     1.000e+00     2.011e+00     3.899e-02  
  296      141349    1.459321e+00     9.817e-08     1.000e+00     3.077e+00     4.163e-02  
  297      141825    1.458715e+00     5.092e-07     1.000e+00     4.256e+00     6.282e-02  
  298      142301    1.457271e+00     2.383e-06     1.000e+00     6.443e+00     8.510e-02  
  299      142777    1.454307e+00     5.590e-06     1.000e+00     1.414e+01     9.354e-02  
 Iter  Func-count            Fval   Feasibility   Step Length       Norm of   First-order  
                                                                       step    optimality
  300      143253    1.450059e+00     1.024e-05     1.000e+00     2.520e+01     8.991e-02  
  301      143729    1.446405e+00     2.537e-05     1.000e+00     3.751e+01     8.728e-02  
  302      144205    1.445089e+00     1.743e-05     1.000e+00     2.993e+01     5.075e-02  
  303      144681    1.444947e+00     4.266e-07     1.000e+00     7.789e+00     2.161e-02  
  304      145157    1.444940e+00     4.349e-10     1.000e+00     6.400e-01     2.065e-02  
  305      145633    1.444937e+00     4.175e-12     1.000e+00     2.039e-01     2.057e-02  
  306      146109    1.444925e+00     2.003e-10     1.000e+00     5.101e-01     2.001e-02  
  307      146585    1.444900e+00     2.074e-10     1.000e+00     5.692e-01     1.915e-02  
  308      147061    1.444832e+00     2.333e-09     1.000e+00     9.239e-01     2.059e-02  
  309      147537    1.444669e+00     1.401e-08     1.000e+00     2.009e+00     3.825e-02  
  310      148013    1.444269e+00     9.463e-08     1.000e+00     5.195e+00     6.731e-02  
  311      148489    1.443325e+00     5.770e-07     1.000e+00     1.269e+01     1.116e-01  
  312      148965    1.441161e+00     3.224e-06     1.000e+00     2.927e+01     1.710e-01  
  313      149442    1.437691e+00     1.107e-05     7.000e-01     4.284e+01     2.112e-01  
  314      149920    1.432325e+00     3.476e-05     4.900e-01     5.572e+01     2.481e-01  
  315      150399    1.427002e+00     5.761e-05     3.430e-01     4.872e+01     2.406e-01  
  316      150878    1.421151e+00     7.111e-05     3.430e-01     5.042e+01     2.390e-01  
  317      151357    1.416367e+00     6.866e-05     3.430e-01     3.957e+01     2.278e-01  
  318      151836    1.412898e+00     5.950e-05     3.430e-01     3.020e+01     2.123e-01  
  319      152313    1.409401e+00     4.807e-05     7.000e-01     3.691e+01     1.335e-01  
  320      152788    1.408660e+00     4.485e-05     1.000e+00     9.224e+00     8.422e-02  
  321      153263    1.408557e+00     4.581e-06     1.000e+00     5.517e+00     4.899e-02  
  322      153739    1.408520e+00     2.072e-07     1.000e+00     9.004e+00     3.599e-02  
  323      154215    1.408515e+00     1.975e-09     1.000e+00     1.936e+00     3.591e-02  
  324      154691    1.408508e+00     2.774e-09     1.000e+00     2.310e+00     3.580e-02  
  325      155167    1.408497e+00     1.860e-09     1.000e+00     2.322e+00     3.476e-02  
  326      155643    1.408467e+00     5.392e-09     1.000e+00     3.623e+00     3.247e-02  
  327      156119    1.408400e+00     2.244e-08     1.000e+00     4.491e+00     2.930e-02  
  328      156595    1.408233e+00     1.797e-07     1.000e+00     5.577e+00     4.198e-02  
  329      157071    1.407828e+00     9.628e-07     1.000e+00     5.997e+00     6.096e-02  
 Iter  Func-count            Fval   Feasibility   Step Length       Norm of   First-order  
                                                                       step    optimality
  330      157547    1.406847e+00     2.825e-06     1.000e+00     9.083e+00     8.442e-02  
  331      158023    1.404766e+00     1.615e-06     1.000e+00     1.732e+01     1.099e-01  
  332      158499    1.400651e+00     5.020e-06     1.000e+00     3.046e+01     1.247e-01  
  333      158975    1.394769e+00     1.830e-05     1.000e+00     5.917e+01     1.474e-01  
  334      159451    1.391358e+00     1.405e-05     1.000e+00     4.704e+01     9.653e-02  
  335      159927    1.390564e+00     1.014e-06     1.000e+00     5.639e+00     3.308e-02  
  336      160403    1.390441e+00     5.564e-08     1.000e+00     4.313e+00     3.020e-02  
  337      160879    1.390412e+00     7.561e-09     1.000e+00     2.467e+00     3.107e-02  
  338      161355    1.390376e+00     4.534e-08     1.000e+00     3.649e+00     3.837e-02  
  339      161831    1.390357e+00     2.907e-08     1.000e+00     2.411e+00     4.176e-02  
  340      162307    1.390344e+00     2.780e-09     1.000e+00     2.443e+00     4.344e-02  
  341      162783    1.390337e+00     5.659e-10     1.000e+00     1.928e+00     4.099e-02  
  342      163259    1.390327e+00     7.954e-10     1.000e+00     2.118e+00     3.866e-02  
  343      163735    1.390309e+00     1.773e-09     1.000e+00     2.639e+00     3.766e-02  
  344      164211    1.390262e+00     7.025e-09     1.000e+00     4.276e+00     3.672e-02  
  345      164687    1.390151e+00     2.336e-08     1.000e+00     6.455e+00     4.412e-02  
  346      165163    1.389874e+00     8.877e-08     1.000e+00     1.041e+01     6.973e-02  
  347      165639    1.389196e+00     3.159e-07     1.000e+00     1.682e+01     1.083e-01  
  348      166115    1.387616e+00     1.252e-06     1.000e+00     2.653e+01     1.632e-01  
  349      166591    1.384341e+00     5.135e-06     1.000e+00     3.776e+01     2.220e-01  
  350      167067    1.379245e+00     1.386e-05     1.000e+00     3.945e+01     2.343e-01  
  351      167543    1.374943e+00     4.593e-06     1.000e+00     1.523e+01     1.391e-01  
  352      168019    1.373108e+00     1.839e-06     1.000e+00     2.468e+01     8.344e-02  
  353      168495    1.372610e+00     4.502e-07     1.000e+00     1.474e+01     4.938e-02  
  354      168971    1.372370e+00     8.798e-08     1.000e+00     5.845e+00     3.090e-02  
  355      169447    1.372212e+00     7.741e-08     1.000e+00     5.405e+00     3.278e-02  
  356      169923    1.372134e+00     5.972e-08     1.000e+00     6.282e+00     3.311e-02  
  357      170399    1.372095e+00     1.727e-07     1.000e+00     3.854e+00     3.554e-02  
  358      170875    1.372068e+00     3.286e-07     1.000e+00     1.994e+00     4.184e-02  
  359      171351    1.372060e+00     3.957e-10     1.000e+00     1.818e+00     4.147e-02  
 Iter  Func-count            Fval   Feasibility   Step Length       Norm of   First-order  
                                                                       step    optimality
  360      171827    1.372053e+00     1.036e-09     1.000e+00     2.471e+00     4.141e-02  
  361      172303    1.372046e+00     4.534e-10     1.000e+00     1.673e+00     4.139e-02  
  362      172779    1.372020e+00     4.526e-09     1.000e+00     3.855e+00     4.134e-02  
  363      173255    1.371958e+00     1.095e-08     1.000e+00     5.175e+00     4.129e-02  
  364      173731    1.371792e+00     3.939e-08     1.000e+00     8.013e+00     4.119e-02  
  365      174207    1.371371e+00     7.266e-08     1.000e+00     1.046e+01     6.436e-02  
  366      174683    1.370317e+00     9.040e-08     1.000e+00     1.053e+01     1.044e-01  
  367      175159    1.367915e+00     1.114e-07     1.000e+00     4.640e+00     1.627e-01  
  368      175635    1.363383e+00     7.332e-06     1.000e+00     3.700e+01     2.112e-01  
  369      176112    1.359009e+00     3.934e-05     7.000e-01     6.045e+01     1.956e-01  
  370      176591    1.356742e+00     4.343e-05     3.430e-01     3.887e+01     1.545e-01  
  371      177069    1.354511e+00     5.265e-05     4.900e-01     4.892e+01     8.443e-02  
  372      177545    1.353410e+00     3.428e-05     1.000e+00     5.410e+01     4.129e-02  
  373      178020    1.353376e+00     2.678e-06     1.000e+00     3.095e+00     4.106e-02  
  374      178495    1.353369e+00     2.325e-07     1.000e+00     7.280e-01     4.090e-02  
  375      178970    1.353367e+00     1.572e-07     1.000e+00     8.091e-01     4.083e-02  
  376      179446    1.353356e+00     3.403e-09     1.000e+00     2.809e+00     4.061e-02  
  377      179922    1.353337e+00     6.716e-09     1.000e+00     3.684e+00     4.042e-02  
  378      180398    1.353286e+00     3.085e-08     1.000e+00     6.571e+00     4.015e-02  
  379      180874    1.353168e+00     7.368e-08     1.000e+00     9.680e+00     3.974e-02  
  380      181350    1.352868e+00     2.515e-07     1.000e+00     1.445e+01     4.669e-02  
  381      181826    1.352130e+00     1.616e-06     1.000e+00     1.884e+01     6.288e-02  
  382      182302    1.350518e+00     1.090e-06     1.000e+00     1.355e+01     8.962e-02  
  383      182778    1.346009e+00     4.706e-06     1.000e+00     2.015e+01     1.202e-01  
  384      183255    1.341859e+00     3.920e-05     7.000e-01     5.010e+01     1.161e-01  
  385      183734    1.339259e+00     5.946e-05     3.430e-01     4.508e+01     1.124e-01  
  386      184214    1.337701e+00     6.146e-05     2.401e-01     3.377e+01     9.923e-02  
  387      184693    1.336228e+00     6.407e-05     3.430e-01     4.213e+01     7.397e-02  
  388      185171    1.335269e+00     5.297e-05     4.900e-01     4.303e+01     4.279e-02  
  389      185647    1.334823e+00     2.461e-05     1.000e+00     5.149e+01     3.364e-02  
 Iter  Func-count            Fval   Feasibility   Step Length       Norm of   First-order  
                                                                       step    optimality
  390      186122    1.334796e+00     7.251e-06     1.000e+00     7.208e+00     3.367e-02  
  391      186597    1.334788e+00     4.622e-06     1.000e+00     5.144e+00     3.370e-02  
  392      187072    1.334785e+00     6.227e-07     1.000e+00     8.330e-01     3.373e-02  
  393      187548    1.334779e+00     4.732e-09     1.000e+00     6.631e-01     3.380e-02  
  394      188024    1.334770e+00     7.863e-09     1.000e+00     7.462e-01     3.390e-02  
  395      188500    1.334749e+00     2.163e-08     1.000e+00     1.148e+00     3.392e-02  
  396      188976    1.334695e+00     6.691e-08     1.000e+00     2.014e+00     3.401e-02  
  397      189452    1.334562e+00     1.534e-07     1.000e+00     3.651e+00     4.723e-02  
  398      189928    1.334223e+00     5.989e-07     1.000e+00     7.085e+00     7.531e-02  
  399      190404    1.333403e+00     6.683e-07     1.000e+00     1.163e+01     1.093e-01  
  400      190880    1.331583e+00     1.313e-06     1.000e+00     2.808e+01     1.392e-01  
  401      191356    1.329107e+00     6.530e-06     1.000e+00     3.856e+01     1.293e-01  
  402      191834    1.327754e+00     6.862e-06     4.900e-01     1.634e+01     1.017e-01  
  403      192312    1.326732e+00     1.041e-05     4.900e-01     1.232e+01     7.310e-02  
  404      192788    1.326140e+00     6.729e-06     1.000e+00     1.311e+01     3.939e-02  
  405      193263    1.326126e+00     9.879e-07     1.000e+00     9.527e-01     3.575e-02  
  406      193738    1.326122e+00     3.931e-07     1.000e+00     1.059e+00     3.400e-02  
  407      194213    1.326120e+00     6.773e-08     1.000e+00     6.211e-01     3.312e-02  
  408      194689    1.326115e+00     4.585e-10     1.000e+00     1.514e+00     3.205e-02  
  409      195165    1.326103e+00     7.167e-10     1.000e+00     1.775e+00     3.127e-02  
  410      195641    1.326072e+00     2.631e-09     1.000e+00     2.732e+00     3.032e-02  
  411      196117    1.325994e+00     8.606e-09     1.000e+00     3.650e+00     2.937e-02  
  412      196593    1.325792e+00     2.279e-08     1.000e+00     4.742e+00     3.618e-02  
  413      197069    1.325288e+00     4.993e-08     1.000e+00     5.138e+00     5.654e-02  
  414      197545    1.324098e+00     6.462e-07     1.000e+00     9.130e+00     8.578e-02  
  415      198021    1.321731e+00     8.416e-06     1.000e+00     2.836e+01     1.233e-01  
  416      198498    1.319143e+00     1.863e-05     7.000e-01     3.792e+01     1.322e-01  
  417      198976    1.317002e+00     2.439e-05     4.900e-01     3.476e+01     1.117e-01  
  418      199453    1.315209e+00     3.288e-05     7.000e-01     4.016e+01     7.081e-02  
  419      199929    1.314740e+00     5.673e-06     1.000e+00     2.319e+01     2.926e-02  
 Iter  Func-count            Fval   Feasibility   Step Length       Norm of   First-order  
                                                                       step    optimality
  420      200404    1.314704e+00     2.401e-06     1.000e+00     2.306e+00     1.859e-02  
  421      200879    1.314695e+00     6.665e-07     1.000e+00     1.067e+00     1.465e-02  
  422      201354    1.314693e+00     1.789e-07     1.000e+00     4.571e-01     1.255e-02  
  423      201830    1.314690e+00     6.683e-10     1.000e+00     5.180e-01     1.056e-02  
  424      202306    1.314686e+00     6.921e-10     1.000e+00     6.074e-01     9.443e-03  
  425      202782    1.314674e+00     5.846e-09     1.000e+00     1.361e+00     8.717e-03  
  426      203258    1.314647e+00     2.771e-08     1.000e+00     2.495e+00     1.003e-02  
  427      203734    1.314576e+00     1.382e-07     1.000e+00     4.609e+00     1.646e-02  
  428      204210    1.314393e+00     7.284e-07     1.000e+00     8.529e+00     2.733e-02  
  429      204686    1.313960e+00     2.099e-06     1.000e+00     1.450e+01     4.423e-02  
  430      205163    1.313125e+00     4.840e-06     7.000e-01     1.975e+01     5.668e-02  
  431      205640    1.311579e+00     1.086e-05     7.000e-01     2.765e+01     7.233e-02  
  432      206116    1.309620e+00     6.644e-06     1.000e+00     2.890e+01     7.366e-02  
  433      206592    1.308731e+00     8.604e-07     1.000e+00     4.628e+00     4.554e-02  
  434      207069    1.308472e+00     1.812e-06     7.000e-01     1.128e+01     2.349e-02  
  435      207545    1.308403e+00     1.387e-06     1.000e+00     1.304e+01     2.573e-02  
  436      208020    1.308401e+00     6.141e-07     1.000e+00     1.715e+00     2.594e-02  
  437      208496    1.308398e+00     2.218e-09     1.000e+00     2.422e+00     2.613e-02  
  438      208972    1.308394e+00     2.256e-09     1.000e+00     2.695e+00     2.617e-02  
  439      209448    1.308381e+00     1.198e-08     1.000e+00     5.148e+00     2.619e-02  
  440      209924    1.308350e+00     3.780e-08     1.000e+00     7.618e+00     2.631e-02  
  441      210400    1.308268e+00     1.649e-07     1.000e+00     1.220e+01     2.651e-02  
  442      210876    1.308058e+00     6.614e-07     1.000e+00     1.876e+01     3.181e-02  
  443      211352    1.307532e+00     2.687e-06     1.000e+00     2.675e+01     5.682e-02  
  444      211828    1.306239e+00     6.966e-06     1.000e+00     3.379e+01     8.987e-02  
  445      212304    1.303604e+00     6.197e-06     1.000e+00     2.433e+01     1.354e-01  
  446      212780    1.299634e+00     5.463e-06     1.000e+00     3.823e+01     1.833e-01  
  447      213258    1.297596e+00     1.064e-05     4.900e-01     5.007e+01     1.796e-01  
  448      213738    1.296661e+00     1.278e-05     2.401e-01     3.207e+01     1.555e-01  
  449      214217    1.295797e+00     1.570e-05     3.430e-01     3.981e+01     1.104e-01  
 Iter  Func-count            Fval   Feasibility   Step Length       Norm of   First-order  
                                                                       step    optimality
  450      214695    1.295283e+00     1.403e-05     4.900e-01     3.794e+01     5.983e-02  
  451      215171    1.295082e+00     6.530e-06     1.000e+00     4.110e+01     2.099e-02  
  452      215646    1.295078e+00     8.285e-07     1.000e+00     2.358e+00     2.047e-02  
  453      216121    1.295076e+00     7.999e-07     1.000e+00     2.055e+00     1.981e-02  
  454      216596    1.295074e+00     1.905e-07     1.000e+00     9.363e-01     1.968e-02  
  455      217072    1.295066e+00     5.935e-10     1.000e+00     2.091e+00     1.962e-02  
  456      217548    1.295047e+00     1.470e-09     1.000e+00     2.918e+00     1.954e-02  
  457      218024    1.294998e+00     5.639e-09     1.000e+00     4.827e+00     1.937e-02  
  458      218500    1.294872e+00     1.753e-08     1.000e+00     7.678e+00     2.332e-02  
  459      218976    1.294550e+00     5.083e-08     1.000e+00     1.225e+01     4.095e-02  
  460      219452    1.293767e+00     1.674e-07     1.000e+00     1.854e+01     7.004e-02  
  461      219928    1.292046e+00     2.186e-06     1.000e+00     2.447e+01     1.127e-01  
  462      220404    1.289083e+00     4.680e-06     1.000e+00     2.573e+01     1.524e-01  
  463      220880    1.286095e+00     2.861e-05     1.000e+00     2.492e+01     1.415e-01  
  464      221356    1.284717e+00     1.035e-05     1.000e+00     2.817e+01     8.719e-02  
  465      221832    1.284469e+00     6.199e-07     1.000e+00     2.067e+01     3.467e-02  
  466      222308    1.284456e+00     5.501e-09     1.000e+00     4.937e+00     1.303e-02  
  467      222784    1.284455e+00     1.806e-11     1.000e+00     3.731e-01     1.284e-02  
  468      223260    1.284452e+00     2.758e-10     1.000e+00     1.088e+00     1.115e-02  
  469      223736    1.284446e+00     5.540e-10     1.000e+00     1.345e+00     1.124e-02  
  470      224212    1.284431e+00     1.611e-09     1.000e+00     1.916e+00     1.138e-02  
  471      224688    1.284392e+00     6.407e-09     1.000e+00     2.972e+00     1.904e-02  
  472      225164    1.284292e+00     2.154e-08     1.000e+00     4.345e+00     3.114e-02  
  473      225640    1.284039e+00     5.983e-08     1.000e+00     5.834e+00     4.849e-02  
  474      226116    1.283439e+00     8.068e-08     1.000e+00     6.215e+00     7.309e-02  
  475      226592    1.282184e+00     1.793e-07     1.000e+00     5.995e+00     8.582e-02  
  476      227068    1.280220e+00     7.895e-07     1.000e+00     2.043e+01     8.336e-02  
  477      227544    1.278447e+00     1.295e-05     1.000e+00     3.822e+01     6.968e-02  
  478      228020    1.277733e+00     1.149e-05     1.000e+00     3.167e+01     3.369e-02  
  479      228496    1.277622e+00     6.117e-07     1.000e+00     1.018e+01     2.406e-02  
 Iter  Func-count            Fval   Feasibility   Step Length       Norm of   First-order  
                                                                       step    optimality
  480      228972    1.277609e+00     3.805e-09     1.000e+00     1.230e+00     2.405e-02  
  481      229448    1.277604e+00     3.093e-10     1.000e+00     7.190e-01     3.013e-02  
  482      229924    1.277601e+00     3.417e-10     1.000e+00     5.536e-01     3.018e-02  
  483      230400    1.277599e+00     1.887e-10     1.000e+00     4.217e-01     3.022e-02  
  484      230876    1.277594e+00     5.101e-10     1.000e+00     6.262e-01     3.025e-02  
  485      231352    1.277580e+00     1.838e-09     1.000e+00     9.966e-01     3.029e-02  
  486      231828    1.277546e+00     8.290e-09     1.000e+00     1.679e+00     3.040e-02  
  487      232304    1.277457e+00     4.030e-08     1.000e+00     2.777e+00     3.066e-02  
  488      232780    1.277230e+00     1.996e-07     1.000e+00     4.742e+00     3.498e-02  
  489      233256    1.276673e+00     8.987e-07     1.000e+00     8.035e+00     6.165e-02  
  490      233732    1.275423e+00     3.204e-06     1.000e+00     1.327e+01     1.029e-01  
  491      234208    1.273190e+00     1.382e-05     1.000e+00     1.860e+01     1.487e-01  
  492      234684    1.270637e+00     1.331e-05     1.000e+00     1.734e+01     1.586e-01  
  493      235160    1.269201e+00     1.368e-06     1.000e+00     1.452e+01     1.034e-01  
  494      235636    1.268895e+00     3.362e-06     1.000e+00     1.474e+01     3.423e-02  
  495      236112    1.268877e+00     8.748e-08     1.000e+00     4.321e+00     2.881e-02  
  496      236588    1.268876e+00     6.834e-11     1.000e+00     4.232e-01     2.878e-02  
  497      237064    1.268875e+00     3.604e-11     1.000e+00     3.562e-01     2.876e-02  
  498      237540    1.268871e+00     2.491e-10     1.000e+00     6.990e-01     2.873e-02  
  499      238016    1.268863e+00     7.789e-10     1.000e+00     1.058e+00     2.869e-02  
  500      238492    1.268840e+00     3.005e-09     1.000e+00     1.613e+00     2.862e-02  
  501      238968    1.268782e+00     9.124e-09     1.000e+00     2.306e+00     2.870e-02  
  502      239444    1.268634e+00     1.818e-08     1.000e+00     2.718e+00     2.899e-02  
  503      239920    1.268275e+00     1.206e-08     1.000e+00     2.214e+00     3.073e-02  
  504      240396    1.267512e+00     1.019e-08     1.000e+00     5.434e+00     5.411e-02  
  505      240872    1.266287e+00     1.330e-06     1.000e+00     1.747e+01     7.432e-02  
  506      241348    1.265163e+00     8.138e-06     1.000e+00     2.667e+01     6.712e-02  
  507      241824    1.264716e+00     3.613e-06     1.000e+00     1.801e+01     3.403e-02  
  508      242300    1.264654e+00     6.418e-08     1.000e+00     4.279e+00     1.803e-02  
  509      242776    1.264651e+00     2.363e-11     1.000e+00     4.327e-01     1.728e-02  
 Iter  Func-count            Fval   Feasibility   Step Length       Norm of   First-order  
                                                                       step    optimality
  510      243252    1.264650e+00     7.826e-12     1.000e+00     2.664e-01     1.716e-02  
  511      243728    1.264647e+00     2.213e-10     1.000e+00     7.834e-01     1.713e-02  
  512      244204    1.264638e+00     4.322e-10     1.000e+00     9.987e-01     1.717e-02  
  513      244680    1.264615e+00     1.692e-09     1.000e+00     1.525e+00     1.714e-02  
  514      245156    1.264557e+00     4.099e-09     1.000e+00     1.970e+00     1.744e-02  
  515      245632    1.264409e+00     5.872e-09     1.000e+00     1.968e+00     2.747e-02  
  516      246107    1.264052e+00     2.366e-06     1.000e+00     1.274e+00     3.946e-02  
  517      246583    1.263293e+00     6.178e-08     1.000e+00     8.130e+00     4.783e-02  
  518      247059    1.262080e+00     2.467e-06     1.000e+00     2.275e+01     4.349e-02  
  519      247535    1.260959e+00     1.028e-05     1.000e+00     3.270e+01     2.655e-02  
  520      248011    1.260521e+00     3.524e-06     1.000e+00     2.078e+01     2.111e-02  
  521      248487    1.260465e+00     3.218e-08     1.000e+00     3.757e+00     7.085e-03  
  522      248963    1.260463e+00     8.766e-11     1.000e+00     7.420e-01     1.080e-03  
  523      249439    1.260462e+00     1.584e-11     1.000e+00     3.714e-01     9.064e-04  
  524      249915    1.260460e+00     3.575e-10     1.000e+00     1.068e+00     1.813e-03  
  525      250391    1.260454e+00     9.726e-10     1.000e+00     1.465e+00     3.625e-03  
  526      250867    1.260440e+00     4.764e-09     1.000e+00     2.488e+00     6.856e-03  
  527      251343    1.260403e+00     1.639e-08     1.000e+00     3.814e+00     1.162e-02  
  528      251819    1.260307e+00     5.208e-08     1.000e+00     5.641e+00     1.875e-02  
  529      252295    1.260067e+00     1.074e-07     1.000e+00     7.504e+00     2.921e-02  
  530      252771    1.259504e+00     6.838e-08     1.000e+00     7.609e+00     4.903e-02  
  531      253247    1.258392e+00     3.223e-07     1.000e+00     6.161e+00     7.427e-02  
  532      253723    1.256872e+00     2.780e-06     1.000e+00     2.217e+01     8.735e-02  
  533      254200    1.256004e+00     4.742e-06     7.000e-01     2.398e+01     7.091e-02  
  534      254677    1.255570e+00     4.797e-06     7.000e-01     2.133e+01     3.897e-02  
  535      255153    1.255479e+00     7.302e-07     1.000e+00     1.289e+01     1.540e-02  
  536      255628    1.255477e+00     4.316e-07     1.000e+00     7.462e-01     1.565e-02  
  537      256103    1.255477e+00     1.415e-07     1.000e+00     2.685e-01     1.580e-02  
  538      256579    1.255476e+00     2.043e-11     1.000e+00     3.344e-01     1.579e-02  
  539      257055    1.255472e+00     2.457e-10     1.000e+00     7.594e-01     1.577e-02  
 Iter  Func-count            Fval   Feasibility   Step Length       Norm of   First-order  
                                                                       step    optimality
  540      257531    1.255463e+00     1.014e-09     1.000e+00     1.301e+00     1.575e-02  
  541      258007    1.255439e+00     5.350e-09     1.000e+00     2.512e+00     1.570e-02  
  542      258483    1.255380e+00     2.194e-08     1.000e+00     4.499e+00     2.004e-02  
  543      258959    1.255230e+00     8.433e-08     1.000e+00     8.256e+00     2.924e-02  
  544      259435    1.254887e+00     2.289e-07     1.000e+00     1.421e+01     3.721e-02  
  545      259911    1.254226e+00     8.273e-07     1.000e+00     2.103e+01     4.609e-02  
  546      260387    1.253371e+00     1.791e-06     1.000e+00     2.069e+01     4.785e-02  
  547      260863    1.252818e+00     5.561e-07     1.000e+00     8.994e+00     3.158e-02  
  548      261339    1.252684e+00     3.448e-07     1.000e+00     8.556e+00     1.419e-02  
  549      261815    1.252672e+00     1.619e-08     1.000e+00     5.315e+00     1.465e-02  
  550      262291    1.252672e+00     2.677e-10     1.000e+00     1.255e+00     1.457e-02  
  551      262767    1.252671e+00     2.160e-10     1.000e+00     1.192e+00     1.457e-02  
  552      263243    1.252669e+00     1.081e-09     1.000e+00     2.177e+00     1.451e-02  
  553      263719    1.252664e+00     3.439e-09     1.000e+00     3.200e+00     1.445e-02  
  554      264195    1.252653e+00     1.469e-08     1.000e+00     5.220e+00     1.444e-02  
  555      264671    1.252626e+00     5.465e-08     1.000e+00     8.137e+00     1.681e-02  
  556      265147    1.252554e+00     2.180e-07     1.000e+00     1.278e+01     2.717e-02  
  557      265623    1.252376e+00     8.646e-07     1.000e+00     1.920e+01     4.240e-02  
  558      266099    1.251949e+00     3.274e-06     1.000e+00     2.610e+01     6.220e-02  
  559      266575    1.251067e+00     8.289e-06     1.000e+00     2.615e+01     8.150e-02  
  560      267051    1.249752e+00     4.747e-06     1.000e+00     1.262e+01     8.013e-02  
  561      267528    1.248880e+00     4.982e-06     7.000e-01     3.225e+01     7.707e-02  
  562      268005    1.248384e+00     7.289e-06     7.000e-01     4.360e+01     4.842e-02  
  563      268481    1.248271e+00     2.272e-06     1.000e+00     3.173e+01     1.172e-02  
  564      268957    1.248267e+00     7.343e-09     1.000e+00     2.668e+00     1.104e-02  
  565      269433    1.248266e+00     3.581e-10     1.000e+00     6.400e-01     1.101e-02  
  566      269909    1.248265e+00     1.451e-10     1.000e+00     3.843e-01     1.101e-02  
  567      270385    1.248261e+00     1.180e-09     1.000e+00     7.419e-01     1.102e-02  
  568      270861    1.248251e+00     3.069e-09     1.000e+00     9.853e-01     1.104e-02  
  569      271337    1.248226e+00     1.064e-08     1.000e+00     1.481e+00     1.457e-02  
 Iter  Func-count            Fval   Feasibility   Step Length       Norm of   First-order  
                                                                       step    optimality
  570      271813    1.248161e+00     2.553e-08     1.000e+00     1.989e+00     2.295e-02  
  571      272289    1.247998e+00     3.274e-08     1.000e+00     2.279e+00     3.363e-02  
  572      272764    1.247622e+00     2.878e-06     1.000e+00     1.601e+00     4.273e-02  
  573      273240    1.246888e+00     1.978e-07     1.000e+00     5.289e+00     5.314e-02  
  574      273716    1.245903e+00     9.280e-06     1.000e+00     1.516e+01     4.873e-02  
  575      274193    1.245361e+00     1.060e-05     7.000e-01     1.271e+01     3.840e-02  
  576      274669    1.245063e+00     9.503e-06     1.000e+00     1.295e+01     1.506e-02  
  577      275144    1.245049e+00     8.689e-07     1.000e+00     5.900e-01     1.038e-02  
  578      275619    1.245047e+00     1.805e-07     1.000e+00     3.464e-01     1.031e-02  
  579      276094    1.245047e+00     3.014e-08     1.000e+00     1.484e-01     1.027e-02  
  580      276570    1.245043e+00     4.990e-10     1.000e+00     6.350e-01     1.020e-02  
  581      277046    1.245034e+00     9.161e-10     1.000e+00     7.941e-01     1.010e-02  
  582      277522    1.245012e+00     4.083e-09     1.000e+00     1.313e+00     9.902e-03  
  583      277998    1.244954e+00     9.373e-09     1.000e+00     1.844e+00     1.558e-02  
  584      278474    1.244808e+00     1.598e-08     1.000e+00     2.397e+00     2.653e-02  
  585      278950    1.244449e+00     1.135e-08     1.000e+00     2.802e+00     4.282e-02  
  586      279426    1.243653e+00     5.861e-07     1.000e+00     5.040e+00     6.367e-02  
  587      279902    1.242256e+00     3.476e-06     1.000e+00     1.356e+01     7.775e-02  
  588      280380    1.241348e+00     6.752e-06     4.900e-01     1.158e+01     7.504e-02  
  589      280859    1.240653e+00     9.343e-06     3.430e-01     1.086e+01     6.747e-02  
  590      281337    1.240104e+00     1.059e-05     4.900e-01     1.205e+01     5.125e-02  
  591      281813    1.239861e+00     6.257e-06     1.000e+00     1.291e+01     1.285e-02  
  592      282288    1.239858e+00     8.944e-08     1.000e+00     2.011e-01     7.177e-03  
  593      282764    1.239858e+00     2.437e-11     1.000e+00     3.351e-01     6.583e-03  
  594      283240    1.239857e+00     3.534e-12     1.000e+00     3.024e-01     6.891e-03  
  595      283716    1.239854e+00     1.412e-10     1.000e+00     9.196e-01     6.439e-03  
  596      284192    1.239848e+00     2.746e-10     1.000e+00     1.352e+00     7.343e-03  
  597      284668    1.239829e+00     1.231e-09     1.000e+00     2.298e+00     1.305e-02  
  598      285144    1.239784e+00     2.708e-09     1.000e+00     3.583e+00     2.136e-02  
  599      285620    1.239664e+00     5.471e-09     1.000e+00     5.445e+00     3.343e-02  
 Iter  Func-count            Fval   Feasibility   Step Length       Norm of   First-order  
                                                                       step    optimality
  600      286096    1.239369e+00     7.904e-08     1.000e+00     7.724e+00     4.804e-02  
  601      286572    1.238691e+00     1.084e-06     1.000e+00     9.642e+00     7.059e-02  
  602      287048    1.237395e+00     4.256e-06     1.000e+00     1.170e+01     9.346e-02  
  603      287525    1.236070e+00     5.728e-06     7.000e-01     1.617e+01     9.290e-02  
  604      288003    1.235108e+00     1.180e-05     4.900e-01     1.886e+01     7.371e-02  
  605      288480    1.234415e+00     1.630e-05     7.000e-01     2.535e+01     4.230e-02  
  606      288956    1.234268e+00     2.279e-06     1.000e+00     1.617e+01     1.851e-02  
  607      289432    1.234256e+00     1.316e-08     1.000e+00     2.481e+00     1.245e-02  
  608      289908    1.234245e+00     2.989e-08     1.000e+00     2.230e+00     7.463e-03  
  609      290384    1.234240e+00     2.051e-08     1.000e+00     1.197e+00     5.400e-03  
  610      290860    1.234237e+00     1.449e-08     1.000e+00     1.059e+00     3.313e-03  
  611      291336    1.234235e+00     3.670e-10     1.000e+00     4.675e-01     3.258e-03  
  612      291812    1.234234e+00     1.970e-10     1.000e+00     3.847e-01     3.090e-03  
  613      292288    1.234230e+00     7.648e-10     1.000e+00     6.064e-01     3.287e-03  
  614      292764    1.234222e+00     3.843e-09     1.000e+00     9.386e-01     5.628e-03  
  615      293240    1.234202e+00     1.821e-08     1.000e+00     1.628e+00     8.791e-03  
  616      293716    1.234151e+00     8.214e-08     1.000e+00     2.487e+00     1.297e-02  
  617      294192    1.234026e+00     2.287e-07     1.000e+00     3.833e+00     1.931e-02  
  618      294668    1.233735e+00     2.708e-07     1.000e+00     4.520e+00     2.968e-02  
  619      295144    1.233086e+00     5.892e-07     1.000e+00     6.289e+00     3.996e-02  
  620      295620    1.232218e+00     1.002e-06     1.000e+00     1.199e+01     4.318e-02  
  621      296098    1.231797e+00     2.544e-06     4.900e-01     9.124e+00     3.480e-02  
  622      296577    1.231549e+00     3.316e-06     3.430e-01     7.204e+00     2.476e-02  
  623      297055    1.231375e+00     4.031e-06     4.900e-01     7.663e+00     1.290e-02  
  624      297531    1.231307e+00     2.896e-06     1.000e+00     8.447e+00     2.335e-03  
  625      298006    1.231306e+00     6.632e-07     1.000e+00     4.675e-01     1.748e-03  
  626      298481    1.231305e+00     4.931e-07     1.000e+00     6.164e-01     1.495e-03  
  627      298956    1.231303e+00     3.061e-07     1.000e+00     4.550e-01     1.952e-03  
  628      299432    1.231298e+00     3.449e-09     1.000e+00     1.292e+00     4.218e-03  
  629      299908    1.231285e+00     9.614e-09     1.000e+00     2.028e+00     7.662e-03  
 Iter  Func-count            Fval   Feasibility   Step Length       Norm of   First-order  
                                                                       step    optimality
  630      300384    1.231250e+00     5.324e-08     1.000e+00     3.855e+00     1.407e-02  
  631      300860    1.231164e+00     5.970e-08     1.000e+00     5.208e+00     2.331e-02  
  632      301336    1.230925e+00     1.181e-07     1.000e+00     6.225e+00     3.853e-02  
  633      301812    1.230342e+00     1.508e-06     1.000e+00     1.210e+01     6.427e-02  
  634      302288    1.229256e+00     7.917e-06     1.000e+00     1.694e+01     8.816e-02  
  635      302764    1.227720e+00     1.760e-05     1.000e+00     2.046e+01     1.001e-01  
  636      303240    1.226663e+00     3.551e-06     1.000e+00     1.146e+01     9.733e-02  
  637      303716    1.226365e+00     3.102e-08     1.000e+00     4.373e+00     4.673e-02  
  638      304192    1.226339e+00     3.440e-08     1.000e+00     4.101e+00     1.172e-02  
  639      304668    1.226336e+00     6.386e-10     1.000e+00     1.353e+00     5.382e-03  
  640      305144    1.226333e+00     5.986e-10     1.000e+00     1.831e+00     4.513e-03  
  641      305620    1.226329e+00     6.391e-09     1.000e+00     2.134e+00     3.765e-03  
  642      306096    1.226325e+00     1.194e-08     1.000e+00     1.711e+00     3.825e-03  
  643      306572    1.226323e+00     7.645e-10     1.000e+00     8.379e-01     3.017e-03  
  644      307048    1.226322e+00     2.867e-10     1.000e+00     7.499e-01     1.346e-03  
  645      307524    1.226321e+00     6.380e-11     1.000e+00     9.967e-01     1.789e-03  
  646      308000    1.226319e+00     2.449e-10     1.000e+00     1.523e+00     2.840e-03  
  647      308476    1.226313e+00     1.190e-09     1.000e+00     2.613e+00     5.123e-03  
  648      308952    1.226297e+00     4.948e-09     1.000e+00     4.204e+00     8.718e-03  
  649      309428    1.226257e+00     2.184e-08     1.000e+00     7.044e+00     1.366e-02  
  650      309904    1.226156e+00     8.001e-08     1.000e+00     1.134e+01     2.132e-02  
  651      310380    1.225907e+00     2.680e-07     1.000e+00     1.793e+01     3.191e-02  
  652      310856    1.225341e+00     7.678e-07     1.000e+00     2.512e+01     4.712e-02  
  653      311332    1.224289e+00     6.599e-06     1.000e+00     2.618e+01     6.388e-02  
  654      311808    1.223002e+00     1.413e-05     1.000e+00     1.519e+01     7.738e-02  
  655      312284    1.222247e+00     1.735e-05     1.000e+00     2.585e+01     6.196e-02  
  656      312760    1.222066e+00     2.784e-06     1.000e+00     2.495e+01     2.518e-02  
  657      313236    1.222051e+00     1.913e-08     1.000e+00     8.348e+00     4.988e-03  
  658      313712    1.222050e+00     3.879e-11     1.000e+00     1.104e+00     3.611e-03  
  659      314188    1.222049e+00     9.959e-12     1.000e+00     5.755e-01     4.102e-03  
 Iter  Func-count            Fval   Feasibility   Step Length       Norm of   First-order  
                                                                       step    optimality
  660      314664    1.222049e+00     1.543e-10     1.000e+00     6.782e-01     4.174e-03  
  661      315140    1.222047e+00     5.469e-10     1.000e+00     8.493e-01     4.429e-03  
  662      315616    1.222043e+00     2.154e-09     1.000e+00     1.248e+00     4.592e-03  
  663      316092    1.222033e+00     8.801e-09     1.000e+00     1.957e+00     7.024e-03  
  664      316568    1.222008e+00     3.848e-08     1.000e+00     2.982e+00     1.224e-02  
  665      317044    1.221942e+00     2.190e-07     1.000e+00     4.696e+00     2.073e-02  
  666      317520    1.221778e+00     1.245e-06     1.000e+00     6.995e+00     3.375e-02  
  667      317997    1.221484e+00     2.512e-06     7.000e-01     7.260e+00     4.595e-02  
  668      318475    1.220962e+00     5.066e-06     4.900e-01     8.663e+00     5.599e-02  
  669      318953    1.220127e+00     9.014e-06     4.900e-01     1.251e+01     6.202e-02  
  670      319429    1.218865e+00     1.206e-05     1.000e+00     2.911e+01     6.382e-02  
  671      319905    1.218487e+00     4.170e-07     1.000e+00     1.314e+01     4.514e-02  
  672      320383    1.218362e+00     3.426e-07     4.900e-01     6.358e+00     2.884e-02  
  673      320860    1.218292e+00     7.617e-07     7.000e-01     6.555e+00     1.087e-02  
  674      321336    1.218283e+00     3.925e-08     1.000e+00     3.686e+00     6.472e-03  
  675      321812    1.218282e+00     6.951e-11     1.000e+00     2.130e-01     6.255e-03  
  676      322288    1.218281e+00     1.874e-09     1.000e+00     4.910e-01     6.249e-03  
  677      322764    1.218280e+00     8.179e-11     1.000e+00     2.220e-01     6.151e-03  
  678      323240    1.218275e+00     1.611e-09     1.000e+00     4.215e-01     6.141e-03  
  679      323716    1.218264e+00     2.867e-09     1.000e+00     6.279e-01     8.810e-03  
  680      324192    1.218235e+00     1.478e-08     1.000e+00     9.612e-01     1.596e-02  
  681      324668    1.218163e+00     6.916e-08     1.000e+00     1.518e+00     2.654e-02  
  682      325144    1.217990e+00     3.064e-07     1.000e+00     2.696e+00     4.321e-02  
  683      325620    1.217634e+00     1.226e-06     1.000e+00     5.552e+00     6.222e-02  
  684      326096    1.217099e+00     2.201e-06     1.000e+00     1.012e+01     7.106e-02  
  685      326572    1.216658e+00     4.518e-07     1.000e+00     1.057e+01     5.141e-02  
  686      327048    1.216501e+00     9.230e-07     1.000e+00     5.522e+00     1.865e-02  
  687      327524    1.216482e+00     1.142e-07     1.000e+00     1.639e+00     7.421e-03  
  688      328000    1.216480e+00     7.008e-10     1.000e+00     3.997e-01     7.477e-03  
  689      328476    1.216480e+00     3.604e-11     1.000e+00     1.615e-01     7.508e-03  
 Iter  Func-count            Fval   Feasibility   Step Length       Norm of   First-order  
                                                                       step    optimality
  690      328952    1.216478e+00     3.650e-10     1.000e+00     3.473e-01     7.581e-03  
  691      329428    1.216476e+00     7.698e-10     1.000e+00     4.355e-01     7.608e-03  
  692      329904    1.216468e+00     4.218e-09     1.000e+00     7.156e-01     7.540e-03  
  693      330380    1.216449e+00     1.335e-08     1.000e+00     1.048e+00     8.107e-03  
  694      330856    1.216400e+00     4.464e-08     1.000e+00     1.605e+00     1.377e-02  
  695      331332    1.216278e+00     1.129e-07     1.000e+00     2.476e+00     2.227e-02  
  696      331808    1.215987e+00     1.506e-07     1.000e+00     4.372e+00     3.650e-02  
  697      332284    1.215387e+00     6.325e-07     1.000e+00     9.643e+00     5.665e-02  
  698      332762    1.214839e+00     2.542e-06     4.900e-01     9.056e+00     6.681e-02  
  699      333241    1.214345e+00     4.245e-06     3.430e-01     7.934e+00     6.590e-02  
  700      333719    1.213902e+00     3.723e-06     4.900e-01     7.675e+00     4.953e-02  
  701      334195    1.213638e+00     1.690e-06     1.000e+00     7.763e+00     1.501e-02  
  702      334670    1.213633e+00     1.317e-06     1.000e+00     1.853e+00     6.356e-03  
  703      335145    1.213631e+00     4.756e-07     1.000e+00     1.347e+00     4.786e-03  
  704      335620    1.213631e+00     3.044e-08     1.000e+00     2.261e-01     5.043e-03  
  705      336096    1.213630e+00     1.904e-10     1.000e+00     9.195e-01     4.464e-03  
  706      336572    1.213629e+00     3.062e-10     1.000e+00     1.176e+00     4.578e-03  
  707      337048    1.213625e+00     1.340e-09     1.000e+00     1.997e+00     5.123e-03  
  708      337524    1.213616e+00     4.731e-09     1.000e+00     3.044e+00     8.805e-03  
  709      338000    1.213591e+00     2.122e-08     1.000e+00     4.728e+00     1.469e-02  
  710      338476    1.213529e+00     9.243e-08     1.000e+00     7.043e+00     2.417e-02  
  711      338952    1.213373e+00     3.928e-07     1.000e+00     9.745e+00     3.912e-02  
  712      339428    1.213006e+00     4.547e-07     1.000e+00     9.007e+00     5.966e-02  
  713      339904    1.211946e+00     4.056e-06     1.000e+00     1.155e+01     9.551e-02  
  714      340380    1.210749e+00     8.146e-06     1.000e+00     2.521e+01     1.009e-01  
  715      340857    1.210055e+00     1.191e-05     7.000e-01     2.993e+01     7.226e-02  
  716      341334    1.209724e+00     9.992e-06     7.000e-01     2.797e+01     3.116e-02  
  717      341810    1.209660e+00     9.474e-07     1.000e+00     1.618e+01     6.051e-03  
  718      342285    1.209658e+00     6.968e-07     1.000e+00     8.875e-01     6.030e-03  
  719      342760    1.209658e+00     5.937e-08     1.000e+00     2.494e-01     6.038e-03  
 Iter  Func-count            Fval   Feasibility   Step Length       Norm of   First-order  
                                                                       step    optimality
  720      343235    1.209658e+00     6.600e-09     1.000e+00     8.425e-02     6.044e-03  
  721      343711    1.209657e+00     1.255e-11     1.000e+00     2.404e-01     6.067e-03  
  722      344187    1.209656e+00     1.995e-11     1.000e+00     2.295e-01     6.097e-03  
  723      344663    1.209653e+00     6.204e-11     1.000e+00     3.698e-01     6.154e-03  
  724      345139    1.209646e+00     2.007e-10     1.000e+00     5.251e-01     6.572e-03  
  725      345615    1.209628e+00     4.274e-10     1.000e+00     7.854e-01     1.126e-02  
  726      346091    1.209581e+00     7.148e-10     1.000e+00     1.218e+00     1.928e-02  
  727      346567    1.209463e+00     1.254e-09     1.000e+00     1.975e+00     3.325e-02  
  728      347043    1.209189e+00     5.123e-08     1.000e+00     3.975e+00     5.404e-02  
  729      347519    1.208653e+00     1.081e-06     1.000e+00     8.250e+00     7.945e-02  
  730      347995    1.207938e+00     5.390e-06     1.000e+00     1.308e+01     9.119e-02  
  731      348471    1.207469e+00     4.195e-06     1.000e+00     1.036e+01     6.461e-02  
  732      348947    1.207344e+00     1.062e-07     1.000e+00     3.997e+00     2.405e-02  
  733      349423    1.207334e+00     1.155e-09     1.000e+00     1.164e+00     4.466e-03  
  734      349899    1.207334e+00     4.418e-11     1.000e+00     2.965e-01     2.702e-03  
  735      350375    1.207334e+00     4.101e-13     1.000e+00     9.866e-02     2.730e-03  
  736      350851    1.207334e+00     5.235e-12     1.000e+00     2.667e-01     2.724e-03  
  737      351327    1.207333e+00     4.090e-12     1.000e+00     2.988e-01     2.723e-03  
  738      351803    1.207331e+00     1.984e-11     1.000e+00     5.835e-01     4.439e-03  
  739      352279    1.207325e+00     3.955e-10     1.000e+00     7.241e-01     7.985e-03  
  740      352755    1.207311e+00     3.372e-09     1.000e+00     1.194e+00     1.415e-02  
  741      353231    1.207275e+00     2.066e-08     1.000e+00     1.741e+00     2.401e-02  
  742      353707    1.207184e+00     1.262e-07     1.000e+00     2.931e+00     4.006e-02  
  743      354183    1.206968e+00     6.092e-07     1.000e+00     5.925e+00     6.388e-02  
  744      354659    1.206532e+00     1.122e-06     1.000e+00     1.153e+01     9.100e-02  
  745      355136    1.205995e+00     3.630e-06     7.000e-01     1.482e+01     9.821e-02  
  746      355613    1.205410e+00     4.862e-06     7.000e-01     1.871e+01     7.662e-02  
  747      356089    1.205097e+00     1.908e-06     1.000e+00     1.540e+01     3.113e-02  
  748      356565    1.205065e+00     1.110e-07     1.000e+00     2.479e+00     1.048e-02  
  749      357041    1.205062e+00     6.356e-09     1.000e+00     1.739e+00     5.700e-03  
 Iter  Func-count            Fval   Feasibility   Step Length       Norm of   First-order  
                                                                       step    optimality
  750      357517    1.205062e+00     2.489e-11     1.000e+00     3.286e-01     5.664e-03  
  751      357993    1.205062e+00     1.457e-12     1.000e+00     2.133e-01     5.640e-03  
  752      358469    1.205061e+00     1.168e-11     1.000e+00     4.620e-01     5.617e-03  
  753      358945    1.205060e+00     3.242e-11     1.000e+00     7.062e-01     5.595e-03  
  754      359421    1.205058e+00     1.058e-10     1.000e+00     1.149e+00     5.560e-03  
  755      359897    1.205053e+00     3.396e-10     1.000e+00     1.822e+00     6.484e-03  
  756      360373    1.205040e+00     1.481e-09     1.000e+00     2.870e+00     8.199e-03  
  757      360849    1.205005e+00     6.745e-09     1.000e+00     4.422e+00     1.412e-02  
  758      361325    1.204916e+00     2.645e-08     1.000e+00     6.612e+00     2.334e-02  
  759      361801    1.204699e+00     1.098e-07     1.000e+00     9.147e+00     3.580e-02  
  760      362277    1.204217e+00     1.732e-06     1.000e+00     1.125e+01     4.990e-02  
  761      362754    1.203563e+00     6.067e-06     7.000e-01     1.057e+01     6.244e-02  
  762      363232    1.202884e+00     7.935e-06     4.900e-01     1.400e+01     6.563e-02  
  763      363709    1.202188e+00     1.110e-05     7.000e-01     2.427e+01     5.135e-02  
  764      364185    1.201952e+00     7.611e-07     1.000e+00     1.981e+01     2.093e-02  
  765      364661    1.201932e+00     2.062e-08     1.000e+00     3.318e+00     7.708e-03  
  766      365137    1.201929e+00     1.376e-09     1.000e+00     9.180e-01     2.129e-03  
  767      365613    1.201929e+00     1.483e-11     1.000e+00     3.513e-01     2.040e-03  
  768      366089    1.201929e+00     7.854e-11     1.000e+00     4.668e-01     2.026e-03  
  769      366565    1.201928e+00     6.271e-11     1.000e+00     4.586e-01     1.921e-03  
  770      367041    1.201928e+00     2.299e-10     1.000e+00     7.124e-01     1.933e-03  
  771      367517    1.201926e+00     8.635e-10     1.000e+00     1.069e+00     3.110e-03  
  772      367993    1.201922e+00     4.691e-09     1.000e+00     1.716e+00     6.006e-03  
  773      368469    1.201911e+00     2.069e-08     1.000e+00     2.787e+00     1.042e-02  
  774      368945    1.201881e+00     1.050e-07     1.000e+00     4.487e+00     1.801e-02  
  775      369424    1.201850e+00     2.301e-07     3.430e-01     2.946e+00     2.301e-02  
  776      369904    1.201780e+00     5.142e-07     2.401e-01     4.174e+00     2.869e-02  
  777      370384    1.201637e+00     1.537e-06     2.401e-01     6.341e+00     3.817e-02  
  778      370866    1.201520e+00     1.312e-06     1.176e-01     4.063e+00     4.373e-02  
  779      371348    1.201328e+00     2.404e-06     1.176e-01     5.524e+00     5.099e-02  
 Iter  Func-count            Fval   Feasibility   Step Length       Norm of   First-order  
                                                                       step    optimality
  780      371830    1.201069e+00     4.340e-06     1.176e-01     6.454e+00     5.847e-02  
  781      372312    1.200756e+00     6.387e-06     1.176e-01     7.055e+00     6.538e-02  
  782      372793    1.200268e+00     1.016e-05     1.681e-01     1.037e+01     7.348e-02  
  783      373273    1.199618e+00     1.455e-05     2.401e-01     1.431e+01     8.007e-02  
  784      373751    1.198661e+00     2.330e-05     4.900e-01     2.630e+01     8.224e-02  
  785      374227    1.197947e+00     7.551e-06     1.000e+00     3.642e+01     6.528e-02  
  786      374703    1.197718e+00     7.730e-07     1.000e+00     1.310e+01     4.402e-02  
  787      375182    1.197595e+00     9.086e-07     3.430e-01     7.787e+00     3.113e-02  
  788      375661    1.197520e+00     9.337e-07     3.430e-01     6.457e+00     2.215e-02  
  789      376139    1.197475e+00     8.118e-07     4.900e-01     6.453e+00     1.229e-02  
  790      376615    1.197456e+00     6.751e-07     1.000e+00     7.401e+00     8.993e-03  
  791      377090    1.197456e+00     6.848e-07     1.000e+00     5.934e-01     8.917e-03  
  792      377566    1.197456e+00     2.953e-09     1.000e+00     8.163e-01     8.789e-03  
  793      378042    1.197456e+00     9.117e-10     1.000e+00     4.807e-01     8.839e-03  
  794      378518    1.197455e+00     5.383e-09     1.000e+00     6.686e-01     8.719e-03  
  795      378994    1.197453e+00     6.160e-09     1.000e+00     8.106e-01     8.805e-03  
  796      379470    1.197448e+00     1.530e-08     1.000e+00     1.128e+00     8.717e-03  
  797      379946    1.197435e+00     2.474e-08     1.000e+00     1.735e+00     9.819e-03  
  798      380422    1.197403e+00     7.789e-08     1.000e+00     2.385e+00     1.374e-02  
  799      380898    1.197312e+00     4.813e-07     1.000e+00     4.512e+00     2.724e-02  
  800      381375    1.197152e+00     9.286e-07     7.000e-01     5.001e+00     4.242e-02  
  801      381854    1.196914e+00     1.821e-06     3.430e-01     5.252e+00     5.663e-02  
  802      382334    1.196522e+00     3.567e-06     2.401e-01     7.013e+00     7.150e-02  
  803      382814    1.195868e+00     7.922e-06     2.401e-01     1.137e+01     9.093e-02  
  804      383294    1.195056e+00     1.240e-05     2.401e-01     1.468e+01     1.047e-01  
  805      383774    1.194227e+00     1.524e-05     2.401e-01     1.632e+01     1.109e-01  
  806      384255    1.193672e+00     1.599e-05     1.681e-01     1.238e+01     1.112e-01  
  807      384738    1.193410e+00     1.549e-05     8.235e-02     6.290e+00     1.087e-01  
  808      385221    1.193160e+00     1.500e-05     8.235e-02     6.219e+00     1.036e-01  
  809      385704    1.192939e+00     1.458e-05     8.235e-02     5.724e+00     9.702e-02  
 Iter  Func-count            Fval   Feasibility   Step Length       Norm of   First-order  
                                                                       step    optimality
  810      386186    1.192673e+00     1.654e-05     1.176e-01     7.295e+00     8.652e-02  
  811      386667    1.192387e+00     2.000e-05     1.681e-01     8.789e+00     7.166e-02  
  812      387147    1.192118e+00     2.082e-05     2.401e-01     9.818e+00     5.269e-02  
  813      387625    1.191849e+00     1.707e-05     4.900e-01     1.437e+01     2.292e-02  
  814      388101    1.191754e+00     5.968e-06     1.000e+00     1.400e+01     1.294e-02  
  815      388576    1.191753e+00     1.107e-06     1.000e+00     9.504e-01     6.891e-03  
  816      389051    1.191752e+00     1.355e-06     1.000e+00     7.781e-01     2.295e-03  
  817      389526    1.191752e+00     4.859e-08     1.000e+00     2.255e-01     2.267e-03  
  818      390002    1.191751e+00     4.090e-10     1.000e+00     7.011e-01     2.322e-03  
  819      390478    1.191749e+00     1.403e-09     1.000e+00     7.763e-01     2.539e-03  
  820      390954    1.191744e+00     8.145e-09     1.000e+00     1.399e+00     5.010e-03  
  821      391430    1.191732e+00     3.333e-08     1.000e+00     1.871e+00     9.480e-03  
  822      391906    1.191702e+00     1.277e-07     1.000e+00     3.004e+00     1.600e-02  
  823      392382    1.191624e+00     4.700e-07     1.000e+00     3.875e+00     2.861e-02  
  824      392858    1.191430e+00     1.227e-06     1.000e+00     5.208e+00     4.560e-02  
  825      393335    1.191077e+00     1.672e-06     7.000e-01     7.807e+00     6.558e-02  
  826      393812    1.190197e+00     6.830e-06     7.000e-01     2.046e+01     9.202e-02  
  827      394291    1.189397e+00     1.420e-05     3.430e-01     2.129e+01     1.045e-01  
  828      394773    1.188857e+00     1.568e-05     1.176e-01     1.404e+01     1.056e-01  
  829      395256    1.188302e+00     1.751e-05     8.235e-02     1.438e+01     1.027e-01  
  830      395739    1.187668e+00     2.087e-05     8.235e-02     1.642e+01     9.667e-02  
  831      396223    1.187228e+00     2.109e-05     5.765e-02     1.155e+01     9.156e-02  
  832      396707    1.186808e+00     2.112e-05     5.765e-02     1.119e+01     8.605e-02  
  833      397191    1.186419e+00     2.092e-05     5.765e-02     1.059e+01     8.056e-02  
  834      397675    1.186068e+00     2.049e-05     5.765e-02     9.874e+00     7.531e-02  
  835      398159    1.185754e+00     1.989e-05     5.765e-02     9.169e+00     7.038e-02  
  836      398643    1.185457e+00     1.921e-05     5.765e-02     9.310e+00     6.540e-02  
  837      399127    1.185194e+00     1.850e-05     5.765e-02     8.738e+00     6.082e-02  
  838      399610    1.184866e+00     2.034e-05     8.235e-02     1.166e+01     5.489e-02  
  839      400093    1.184591e+00     2.148e-05     8.235e-02     1.059e+01     4.947e-02  
 Iter  Func-count            Fval   Feasibility   Step Length       Norm of   First-order  
                                                                       step    optimality
  840      400575    1.184267e+00     2.199e-05     1.176e-01     1.369e+01     4.278e-02  
  841      401057    1.184016e+00     2.194e-05     1.176e-01     1.200e+01     3.670e-02  
  842      401538    1.183742e+00     2.078e-05     1.681e-01     1.494e+01     2.974e-02  
  843      402018    1.183478e+00     1.995e-05     2.401e-01     1.789e+01     2.566e-02  
  844      402497    1.183263e+00     2.343e-05     3.430e-01     1.949e+01     2.197e-02  
  845      402974    1.183101e+00     3.285e-05     7.000e-01     2.832e+01     3.327e-02  
  846      403450    1.183078e+00     1.580e-05     1.000e+00     1.465e+01     1.738e-02  
  847      403926    1.183062e+00     3.296e-08     1.000e+00     3.457e+00     1.605e-02  
  848      404402    1.183055e+00     7.139e-09     1.000e+00     1.049e+00     1.035e-02  
  849      404882    1.183051e+00     2.116e-08     2.401e-01     1.501e+00     8.514e-03  
  850      405362    1.183046e+00     3.391e-08     2.401e-01     2.031e+00     6.121e-03  
  851      405842    1.183043e+00     3.464e-08     2.401e-01     2.089e+00     5.176e-03  
  852      406321    1.183039e+00     4.436e-08     3.430e-01     2.942e+00     4.988e-03  
  853      406800    1.183036e+00     3.572e-08     3.430e-01     2.645e+00     5.061e-03  
  854      407286    1.183036e+00     4.054e-08     1.977e-02     1.429e-01     5.088e-03  
  855      407774    1.183036e+00     4.296e-08     9.689e-03     9.227e-02     5.104e-03  
  856      408264    1.183036e+00     4.374e-08     4.748e-03     5.278e-02     5.113e-03  
  857      408754    1.183036e+00     4.540e-08     4.748e-03     6.750e-02     5.122e-03  
  858      409234    1.183033e+00     7.289e-08     2.401e-01     2.852e+00     5.626e-03  
  859      409725    1.183033e+00     7.347e-08     3.323e-03     4.047e-02     5.631e-03  
  860      410205    1.183030e+00     8.207e-08     2.401e-01     2.739e+00     5.959e-03  
  861      410695    1.183030e+00     8.280e-08     4.748e-03     5.286e-02     5.964e-03  
  862      411185    1.183030e+00     8.386e-08     4.748e-03     6.086e-02     5.969e-03  
  863      411675    1.183030e+00     8.463e-08     4.748e-03     5.832e-02     5.974e-03  
  864      412155    1.183028e+00     8.760e-08     2.401e-01     2.735e+00     6.256e-03  
  865      412644    1.183027e+00     8.881e-08     6.782e-03     7.300e-02     6.261e-03  
  866      413133    1.183027e+00     9.020e-08     6.782e-03     7.891e-02     6.265e-03  
  867      413622    1.183027e+00     9.148e-08     6.782e-03     8.152e-02     6.271e-03  
  868      414101    1.183024e+00     1.183e-07     3.430e-01     4.084e+00     6.630e-03  
  869      414579    1.183022e+00     1.164e-07     4.900e-01     4.368e+00     6.968e-03  
 Iter  Func-count            Fval   Feasibility   Step Length       Norm of   First-order  
                                                                       step    optimality
  870      415055    1.183021e+00     8.916e-08     1.000e+00     5.424e+00     7.452e-03  
  871      415531    1.183020e+00     6.270e-10     1.000e+00     1.467e+00     7.742e-03  
  872      416008    1.183017e+00     8.885e-09     7.000e-01     3.671e+00     8.797e-03  
  873      416485    1.183008e+00     4.566e-08     7.000e-01     7.404e+00     1.122e-02  
  874      416962    1.182995e+00     6.236e-08     7.000e-01     7.765e+00     1.244e-02  
  875      417439    1.182969e+00     1.745e-07     7.000e-01     9.121e+00     1.178e-02  
  876      417916    1.182924e+00     3.253e-07     7.000e-01     9.372e+00     1.081e-02  
  877      418393    1.182840e+00     5.646e-07     7.000e-01     1.059e+01     1.334e-02  
  878      418872    1.182751e+00     1.188e-06     3.430e-01     5.336e+00     1.794e-02  
  879      419353    1.182639e+00     1.941e-06     1.681e-01     4.115e+00     2.314e-02  
  880      419832    1.182220e+00     2.018e-06     3.430e-01     1.053e+01     3.863e-02  
  881      420312    1.181816e+00     4.187e-06     2.401e-01     8.144e+00     5.029e-02  
  882      420793    1.181372e+00     6.635e-06     1.681e-01     6.770e+00     6.093e-02  
  883      421274    1.180739e+00     1.150e-05     1.681e-01     7.972e+00     7.197e-02  
  884      421755    1.179959e+00     1.726e-05     1.681e-01     8.663e+00     8.315e-02  
  885      422236    1.179087e+00     2.254e-05     1.681e-01     9.660e+00     1.093e-01  
  886      422717    1.178158e+00     2.555e-05     1.681e-01     1.182e+01     1.235e-01  
  887      423198    1.177175e+00     2.549e-05     1.681e-01     1.629e+01     1.368e-01  
  888      423679    1.176190e+00     2.427e-05     1.681e-01     1.970e+01     1.337e-01  
  889      424160    1.175347e+00     2.603e-05     1.681e-01     1.682e+01     1.308e-01  
  890      424641    1.174629e+00     3.004e-05     1.681e-01     1.418e+01     1.253e-01  
  891      425122    1.174042e+00     3.199e-05     1.681e-01     1.212e+01     1.198e-01  
  892      425602    1.173432e+00     3.711e-05     2.401e-01     1.495e+01     1.054e-01  
  893      426080    1.172720e+00     3.467e-05     4.900e-01     2.365e+01     7.250e-02  
  894      426557    1.172387e+00     9.035e-06     7.000e-01     1.931e+01     4.467e-02  
  895      427033    1.172288e+00     2.946e-06     1.000e+00     1.091e+01     2.530e-02  
  896      427509    1.172276e+00     1.013e-07     1.000e+00     3.479e+00     2.071e-02  
  897      427985    1.172266e+00     1.267e-08     1.000e+00     2.378e+00     9.458e-03  
  898      428461    1.172263e+00     1.371e-09     1.000e+00     9.785e-01     7.255e-03  
  899      428937    1.172262e+00     1.203e-09     1.000e+00     1.766e+00     4.636e-03  
 Iter  Func-count            Fval   Feasibility   Step Length       Norm of   First-order  
                                                                       step    optimality
  900      429413    1.172261e+00     2.004e-10     1.000e+00     7.595e-01     4.645e-03  
  901      429889    1.172260e+00     5.642e-10     1.000e+00     7.129e-01     4.911e-03  
  902      430365    1.172260e+00     2.628e-09     1.000e+00     8.250e-01     5.586e-03  
  903      430841    1.172259e+00     4.446e-09     1.000e+00     8.872e-01     5.600e-03  
  904      431317    1.172257e+00     1.208e-08     1.000e+00     1.195e+00     5.626e-03  
  905      431793    1.172253e+00     3.288e-08     1.000e+00     1.675e+00     6.388e-03  
  906      432269    1.172245e+00     8.300e-08     1.000e+00     2.421e+00     8.417e-03  
  907      432745    1.172228e+00     1.628e-07     1.000e+00     3.819e+00     1.021e-02  
  908      433221    1.172190e+00     2.727e-07     1.000e+00     5.707e+00     1.023e-02  
  909      433697    1.172112e+00     3.071e-07     1.000e+00     8.832e+00     1.643e-02  
  910      434173    1.171947e+00     2.365e-07     1.000e+00     1.244e+01     2.325e-02  
  911      434649    1.171592e+00     5.266e-07     1.000e+00     1.784e+01     3.041e-02  
  912      435125    1.170828e+00     5.595e-06     1.000e+00     2.407e+01     4.161e-02  
  913      435603    1.169982e+00     1.350e-05     4.900e-01     1.607e+01     5.321e-02  
  914      436084    1.169307e+00     1.871e-05     1.681e-01     8.938e+00     6.057e-02  
  915      436566    1.168621e+00     2.654e-05     1.176e-01     7.599e+00     5.604e-02  
  916      437049    1.168113e+00     3.059e-05     8.235e-02     5.436e+00     5.168e-02  
  917      437532    1.167630e+00     3.460e-05     8.235e-02     5.507e+00     4.894e-02  
  918      438015    1.167201e+00     3.733e-05     8.235e-02     5.381e+00     4.646e-02  
  919      438497    1.166680e+00     4.253e-05     1.176e-01     7.374e+00     4.229e-02  
  920      438979    1.166269e+00     4.418e-05     1.176e-01     6.711e+00     3.824e-02  
  921      439460    1.165819e+00     4.626e-05     1.681e-01     8.683e+00     3.260e-02  
  922      439939    1.165236e+00     5.060e-05     3.430e-01     1.518e+01     2.277e-02  
  923      440415    1.164780e+00     1.392e-05     1.000e+00     3.075e+01     1.020e-02  
  924      440890    1.164776e+00     1.348e-06     1.000e+00     1.798e+00     8.367e-03  
  925      441366    1.164772e+00     1.351e-08     1.000e+00     2.332e+00     4.417e-03  
  926      441842    1.164772e+00     1.282e-10     1.000e+00     1.027e+00     3.080e-03  
  927      442318    1.164771e+00     3.685e-11     1.000e+00     1.089e+00     3.077e-03  
  928      442794    1.164771e+00     7.283e-11     1.000e+00     1.131e+00     3.146e-03  
  929      443270    1.164771e+00     2.146e-10     1.000e+00     1.393e+00     2.899e-03  
 Iter  Func-count            Fval   Feasibility   Step Length       Norm of   First-order  
                                                                       step    optimality
  930      443746    1.164770e+00     1.664e-10     1.000e+00     1.116e+00     2.877e-03  
  931      444222    1.164769e+00     1.645e-10     1.000e+00     1.046e+00     2.654e-03  
  932      444698    1.164768e+00     5.088e-10     1.000e+00     9.195e-01     2.660e-03  
  933      445174    1.164764e+00     1.808e-09     1.000e+00     8.324e-01     3.994e-03  
  934      445650    1.164755e+00     6.749e-09     1.000e+00     7.422e-01     6.419e-03  
  935      446126    1.164736e+00     2.164e-08     1.000e+00     1.196e+00     9.966e-03  
  936      446602    1.164692e+00     1.071e-07     1.000e+00     2.655e+00     1.454e-02  
  937      447078    1.164587e+00     4.281e-07     1.000e+00     4.881e+00     2.083e-02  
  938      447554    1.164349e+00     1.338e-06     1.000e+00     8.188e+00     2.843e-02  
  939      448030    1.163859e+00     1.966e-06     1.000e+00     1.089e+01     3.780e-02  
  940      448506    1.163074e+00     6.751e-06     1.000e+00     1.328e+01     5.527e-02  
  941      448983    1.162448e+00     4.409e-06     7.000e-01     1.338e+01     5.418e-02  
  942      449461    1.162048e+00     3.797e-06     4.900e-01     1.315e+01     5.038e-02  
  943      449939    1.161811e+00     4.450e-06     4.900e-01     1.312e+01     3.619e-02  
  944      450416    1.161677e+00     3.677e-06     7.000e-01     1.494e+01     3.768e-02  
  945      450892    1.161625e+00     2.483e-06     1.000e+00     1.354e+01     3.506e-02  
  946      451368    1.161595e+00     1.170e-06     1.000e+00     9.857e+00     2.622e-02  
  947      451845    1.161574e+00     1.094e-06     7.000e-01     7.325e+00     1.600e-02  
  948      452321    1.161565e+00     1.004e-07     1.000e+00     4.547e+00     6.726e-03  
  949      452797    1.161565e+00     1.224e-09     1.000e+00     5.484e-01     1.513e-03  
  950      453273    1.161565e+00     5.049e-10     1.000e+00     5.138e-01     1.368e-03  
  951      453749    1.161565e+00     2.416e-12     1.000e+00     1.155e-01     1.420e-03  
  952      454225    1.161565e+00     3.529e-12     1.000e+00     9.332e-02     1.536e-03  
  953      454701    1.161564e+00     6.628e-12     1.000e+00     1.201e-01     1.496e-03  
  954      455177    1.161564e+00     3.818e-11     1.000e+00     1.963e-01     1.504e-03  
  955      455653    1.161562e+00     1.307e-10     1.000e+00     3.252e-01     2.585e-03  
  956      456129    1.161558e+00     5.971e-10     1.000e+00     5.276e-01     4.332e-03  
  957      456605    1.161547e+00     2.010e-09     1.000e+00     8.994e-01     6.839e-03  
  958      457081    1.161519e+00     8.201e-09     1.000e+00     1.606e+00     1.037e-02  
  959      457557    1.161449e+00     3.372e-08     1.000e+00     3.214e+00     1.595e-02  
 Iter  Func-count            Fval   Feasibility   Step Length       Norm of   First-order  
                                                                       step    optimality
  960      458033    1.161292e+00     1.081e-07     1.000e+00     6.671e+00     2.441e-02  
  961      458509    1.161016e+00     3.845e-07     1.000e+00     9.511e+00     3.074e-02  
  962      458985    1.160672e+00     1.023e-06     1.000e+00     1.280e+01     3.404e-02  
  963      459461    1.160499e+00     2.254e-07     1.000e+00     9.746e+00     1.867e-02  
  964      459937    1.160463e+00     1.582e-07     1.000e+00     4.039e+00     6.929e-03  
  965      460413    1.160460e+00     4.312e-09     1.000e+00     1.867e+00     1.696e-03  
  966      460889    1.160460e+00     2.637e-11     1.000e+00     4.698e-01     1.701e-03  
  967      461365    1.160460e+00     5.716e-13     1.000e+00     1.647e-01     1.705e-03  
  968      461841    1.160460e+00     1.794e-13     1.000e+00     9.081e-02     1.708e-03  
  969      462317    1.160460e+00     1.614e-12     1.000e+00     1.548e-01     1.713e-03  
  970      462793    1.160460e+00     4.585e-12     1.000e+00     1.788e-01     1.999e-03  
  971      463269    1.160459e+00     1.991e-11     1.000e+00     2.612e-01     2.091e-03  
  972      463745    1.160458e+00     9.509e-11     1.000e+00     3.948e-01     3.893e-03  
  973      464221    1.160455e+00     3.895e-10     1.000e+00     6.044e-01     6.825e-03  
  974      464697    1.160446e+00     1.966e-09     1.000e+00     1.004e+00     1.147e-02  
  975      465173    1.160425e+00     9.232e-09     1.000e+00     1.723e+00     1.861e-02  
  976      465649    1.160372e+00     4.560e-08     1.000e+00     3.121e+00     2.850e-02  
  977      466125    1.160258e+00     1.836e-07     1.000e+00     5.485e+00     3.909e-02  
  978      466601    1.160064e+00     5.368e-07     1.000e+00     8.286e+00     4.218e-02  
  979      467077    1.159866e+00     5.102e-07     1.000e+00     8.134e+00     3.017e-02  
  980      467553    1.159777e+00     5.439e-08     1.000e+00     4.001e+00     1.258e-02  
  981      468029    1.159763e+00     3.219e-08     1.000e+00     2.344e+00     2.627e-03  
  982      468505    1.159763e+00     6.419e-10     1.000e+00     8.378e-01     5.074e-04  
  983      468981    1.159763e+00     3.167e-12     1.000e+00     1.408e-01     4.707e-04  
  984      469457    1.159762e+00     1.607e-12     1.000e+00     1.313e-01     4.256e-04  
  985      469933    1.159762e+00     6.205e-12     1.000e+00     2.324e-01     4.233e-04  
  986      470409    1.159762e+00     1.489e-11     1.000e+00     3.565e-01     6.060e-04  
  987      470885    1.159762e+00     4.667e-11     1.000e+00     5.774e-01     1.121e-03  
  988      471361    1.159761e+00     1.525e-10     1.000e+00     9.443e-01     2.032e-03  
  989      471837    1.159758e+00     5.297e-10     1.000e+00     1.521e+00     3.447e-03  
 Iter  Func-count            Fval   Feasibility   Step Length       Norm of   First-order  
                                                                       step    optimality
  990      472313    1.159751e+00     2.284e-09     1.000e+00     2.493e+00     5.825e-03  
  991      472789    1.159733e+00     1.049e-08     1.000e+00     4.036e+00     9.585e-03  
  992      473265    1.159689e+00     4.705e-08     1.000e+00     6.468e+00     1.558e-02  
  993      473741    1.159588e+00     2.197e-07     1.000e+00     9.837e+00     2.395e-02  
  994      474217    1.159402e+00     1.113e-06     1.000e+00     1.315e+01     3.234e-02  
  995      474694    1.159225e+00     1.191e-06     7.000e-01     1.009e+01     3.221e-02  
  996      475171    1.159077e+00     9.600e-07     7.000e-01     1.178e+01     2.275e-02  
  997      475647    1.159023e+00     3.127e-07     1.000e+00     1.133e+01     9.786e-03  
  998      476123    1.159020e+00     3.970e-09     1.000e+00     2.611e+00     3.387e-03  
  999      476599    1.159020e+00     2.968e-10     1.000e+00     8.860e-01     4.059e-04  
 1000      477075    1.159020e+00     8.652e-13     1.000e+00     1.083e-01     4.005e-04  

<a href = "matlab: helpview('optim','solver_stopped_premature','CSHelpWindow');">求解器过早停止</a>。

fmincon 已停止，因为它超过迭代限制，
<a href = "matlab: helpview('optim','max_iter','CSHelpWindow');">options.MaxIterations</a> = 1.000000e+03。


===== HS 完整 NLP 结果分析 =====
起点状态误差：0.000e+00
终点状态误差：0.000e+00
HS 等式最大残差：8.652e-13
非线性路径最大正违反量：3.065e-15
dense 联合最大路径违反量：3.065e-15
最小碰撞间隙 [m]：0.010000
最小 sigmaMin：0.321335
最大 condJ：7.426432
最大绝对驱动力 [N]：1288.760
腿长范围 [m]：1.078416 到 1.942263
最大 |腿速| [m/s]：0.337556
最大 |腿加速度| [m/s^2]：1.200000
综合成功标志：1

===== compressed 最终解诊断 =====
求解总耗时 54313.193 s，iterations=1000，funcCount=477075
最终目标函数值：1.15901966e+00，exitflag=0
fmincon 退出信息：求解器过早停止。

fmincon 已停止，因为它超过迭代限制，
options.MaxIterations = 1.000000e+03。
qPre 自动计算值：[-0.58131494 -0.29178045  1.56408730  0.08726646  0.26179939  0.17453293]^T
腿长范围 [m]：1.078416 到 1.942263，约束 1.050 到 2.000
最大 |腿速| [m/s]：0.337556，限制 0.600000
最大 |腿加速度| [m/s^2]：1.200000，限制 1.200000
最小 sigmaMin：0.321335，阈值 0.100000；最大 condJ：7.426432，警戒 20.000000
最小碰撞间隙 [m]：0.010000，安全距离 0.010000
驱动力范围 [N]：-726.861 到 1288.760，限制 -2000 到 2000
非线性约束数量：2706，最大正违反量：3.065e-15
compressed HS 等式数量：240，最大绝对残差：8.652e-13
最终轨迹通过 compressed HS 节点/中点硬约束验证。
动画已保存：D:\NPU\Matlab_code\stewart-simscape\opt_minimal\results\stewart_prealign_5s_20260523_154028.mp4
结果 MAT 已保存：D:\NPU\Matlab_code\stewart-simscape\opt_minimal\results\hs_compressed_result_20260523_154028.mat
诊断文本已保存：D:\NPU\Matlab_code\stewart-simscape\opt_minimal\results\hs_compressed_summary_20260523_154028.txt
MATLAB 命令行日志已保存：D:\NPU\Matlab_code\stewart-simscape\opt_minimal\results\hs_compressed_console_20260523_154028.txt
